l1,d2,b7,b2b,h1,c22b,c36,e6,b3a,l10,c39,k30
22,112000000.0,15.0,0,1.0,1,1,1.0,1,0,1,2
800,4000000000.0,40.0,20,0.0,1,0,0.0,0,0,1,4
5,20000000.0,3.0,0,0.0,1,0,0.0,1,0,1,0
100,700000000.0,15.0,0,0.0,1,0,1.0,1,0,1,3
14,2000000.0,12.0,0,1.0,0,0,0.0,1,0,0,3
6,3240000.0,10.0,0,0.0,1,1,0.0,1,0,0,1
56,534000000.0,15.0,0,1.0,1,0,0.0,1,0,0,0
21,15000000.0,13.0,0,1.0,1,1,0.0,1,0,1,1
15,90000000.0,40.0,0,1.0,0,0,0.0,1,1,0,1
13,150000000.0,19.0,0,0.0,1,1,0.0,0,0,0,2
34,30000000.0,14.0,0,0.0,1,0,0.0,0,1,0,0
85,924000000.0,30.0,0,1.0,1,0,0.0,1,0,1,2
70,300000000.0,50.0,0,0.0,1,0,0.0,0,0,1,0
20,12400000.0,16.0,0,0.0,1,1,0.0,1,1,0,1
15,180000000.0,10.0,100,0.0,1,0,0.0,0,0,1,0
17,10200000.0,20.0,0,0.0,0,0,0.0,1,0,0,2
1000,1000000000.0,25.0,50,0.0,1,0,1.0,1,0,0,1
65,75000000.0,5.0,0,0.0,1,0,0.0,1,1,1,3
6,4000000.0,10.0,0,0.0,0,1,0.0,1,0,1,3
5,40000000.0,10.0,0,0.0,1,1,0.0,1,0,1,4
8,10000000.0,20.0,0,0.0,1,0,0.0,1,1,1,4
6,28000000.0,15.0,0,0.0,0,0,0.0,1,0,0,1
425,6000000000.0,38.0,0,0.0,1,0,1.0,1,1,0,0
35,900000000.0,10.0,0,0.0,1,0,0.0,1,0,1,2
15,90000000.0,30.0,0,0.0,1,0,0.0,1,0,0,2
13,13000000.0,22.0,0,0.0,1,0,0.0,0,0,1,2
180,360000000.0,25.0,0,1.0,1,0,0.0,1,1,1,0
3,160087540.0,25.0,0,1.0,1,1,0.0,1,1,1,1
3,12000000.0,7.0,0,1.0,1,1,1.0,1,0,1,2
10,15900000.0,36.0,80,1.0,1,0,0.0,1,0,1,1
120,50000000.0,30.0,0,0.0,0,0,0.0,1,0,1,3
90,120000000.0,10.0,0,0.0,1,0,0.0,0,1,1,1
8,4500000.0,25.0,0,1.0,0,1,0.0,1,1,1,1
80,300000000.0,12.0,0,1.0,1,0,1.0,1,1,0,1
48,540000000.0,20.0,0,1.0,1,0,0.0,0,1,1,2
20,32000000.0,27.0,100,0.0,1,0,0.0,1,0,1,4
4,20000000.0,20.0,0,1.0,1,0,0.0,1,0,0,1
253,210000000.0,17.0,0,0.0,1,0,0.0,1,1,1,2
10,30500000.0,10.0,0,0.0,0,0,0.0,1,0,1,0
5,15000000.0,15.0,0,0.0,1,0,0.0,1,0,1,4
7,108000000.0,15.0,0,0.0,0,0,0.0,0,0,0,1
5,3000000.0,10.0,0,0.0,0,0,0.0,1,0,1,1
37,500000000.0,18.0,0,0.0,1,0,0.0,1,0,1,2
6,6480000.0,10.0,0,0.0,1,1,0.0,0,1,0,1
30,960000000.0,32.0,0,1.0,1,0,0.0,1,0,0,1
700,2000000000.0,20.0,0,0.0,1,0,0.0,1,0,1,1
31,500000000.0,20.0,0,0.0,1,0,0.0,0,0,1,0
3,10000000.0,25.0,0,1.0,1,0,0.0,1,0,0,2
53,100000000.0,30.0,0,0.0,1,0,1.0,1,0,0,0
30,13358080.0,29.0,0,0.0,1,0,0.0,1,0,1,1
54,29160000.0,8.0,0,0.0,1,1,0.0,0,0,0,1
40,850000000.0,33.0,0,1.0,1,1,0.0,1,1,1,3
8,36000000.0,31.0,0,0.0,0,0,0.0,1,0,0,3
21,41000000.0,15.0,0,0.0,1,1,0.0,1,0,1,2
12,50000000.0,25.0,0,0.0,0,0,0.0,1,0,1,2
32,30240000.0,10.0,0,0.0,1,1,0.0,0,1,0,0
11,27000000.0,37.0,0,0.0,1,0,0.0,1,0,0,0
50,200000000.0,18.0,0,0.0,1,0,0.0,1,0,1,4
13,6000000.0,15.0,0,0.0,1,0,0.0,1,0,1,4
15,60000000.0,5.0,0,1.0,1,0,0.0,1,1,1,2
5,8000000.0,10.0,0,1.0,1,1,0.0,1,0,0,3
5,55000000.0,29.0,0,0.0,1,0,0.0,1,0,0,4
6,10000000.0,10.0,0,0.0,1,0,0.0,1,0,0,2
7,5000000.0,26.0,0,0.0,1,0,0.0,1,0,1,4
13,10200000.0,30.0,0,0.0,0,0,0.0,0,0,0,2
21,11340000.0,8.0,0,0.0,1,0,0.0,0,1,0,0
2,37000000.0,41.0,0,0.0,0,0,0.0,1,0,0,3
200,4000000000.0,15.0,0,1.0,0,1,0.0,1,0,0,2
25,250000000.0,35.0,0,1.0,1,1,1.0,1,1,1,4
56,3600000000.0,12.0,0,0.0,1,1,0.0,0,1,0,1
12,140684400.0,25.0,0,0.0,1,0,0.0,1,0,1,1
11,2000000.0,5.0,0,0.0,0,0,0.0,1,0,0,1
48,750000000.0,31.0,0,1.0,1,0,1.0,0,1,1,3
50,19000000.0,20.0,0,1.0,1,1,0.0,1,0,1,0
50,10000000.0,18.0,0,0.0,1,0,0.0,1,0,1,1
5,4475760.0,35.0,0,0.0,1,0,0.0,1,0,0,2
13,11545000.0,24.0,0,1.0,1,0,0.0,0,1,1,1
54,112689000.0,35.0,20,0.0,1,0,1.0,0,1,1,1
32,700000000.0,34.0,0,1.0,1,0,0.0,0,0,0,0
70,500000000.0,30.0,0,1.0,1,0,0.0,1,1,0,2
5,80500000.0,10.0,0,0.0,1,1,0.0,1,0,1,3
42,250000000.0,20.0,0,0.0,1,0,1.0,1,1,0,0
6,7600000.0,15.0,0,1.0,0,0,0.0,1,0,1,2
91,32500000.0,13.0,0,0.0,1,1,0.0,0,1,0,0
70,50000000.0,15.0,0,0.0,0,0,0.0,0,0,1,1
7,180000000.0,9.0,0,1.0,0,0,0.0,1,0,1,2
8,8000000.0,15.0,0,0.0,0,0,0.0,1,1,0,1
110,1200000000.0,10.0,0,0.0,1,0,0.0,0,0,1,2
17,131500000.0,20.0,0,0.0,1,0,0.0,1,1,0,2
70,10000000.0,20.0,0,0.0,1,0,0.0,0,1,1,2
15,300000000.0,15.0,0,0.0,1,1,0.0,1,1,1,2
34,32640000.0,8.0,0,0.0,1,1,0.0,0,0,0,1
15,3000000.0,10.0,0,0.0,1,0,0.0,1,0,1,2
10,380000000.0,28.0,0,1.0,1,0,0.0,1,0,0,3
130,985000000.0,27.0,0,1.0,1,0,1.0,1,0,0,4
348,1400000000.0,13.0,0,1.0,0,1,1.0,1,1,1,3
400,1300000000.0,20.0,0,0.0,1,0,1.0,1,0,0,1
8,4500000.0,20.0,0,0.0,0,1,0.0,1,0,1,3
24,17460000.0,22.0,0,0.0,1,0,0.0,1,0,1,4
350,8000000000.0,30.0,0,1.0,1,0,0.0,1,1,1,4
9983,25000000000.0,22.0,0,0.0,0,0,0.0,1,1,0,3
31,100000000.0,20.0,0,0.0,1,0,0.0,1,0,1,4
26,80000000.0,17.0,0,1.0,1,0,0.0,1,1,1,2
40,100000000.0,19.0,55,1.0,1,1,1.0,0,1,1,1
48,23040000.0,12.0,0,0.0,1,1,0.0,0,1,0,0
50,100000000.0,18.0,0,0.0,0,0,0.0,1,0,0,2
18,1440000.0,20.0,0,0.0,0,0,0.0,0,1,0,3
8,12000000.0,36.0,0,0.0,0,0,0.0,1,0,0,1
110,1500000000.0,26.0,0,0.0,1,0,0.0,1,0,1,3
39,600000000.0,35.0,0,0.0,1,0,0.0,1,1,1,2
50,6000000.0,25.0,90,0.0,1,0,0.0,0,1,0,4
1,14400000.0,5.0,100,0.0,0,0,0.0,0,0,0,0
28,200000000.0,14.0,0,1.0,1,0,0.0,1,1,0,1
40,70000000.0,16.0,0,1.0,1,1,0.0,1,1,1,0
32,18650880.0,29.0,0,0.0,1,0,0.0,1,0,1,1
1033,300000000.0,50.0,0,0.0,0,1,0.0,1,1,1,0
1,800000.0,30.0,0,0.0,0,0,0.0,1,0,0,2
10,50000000.0,41.0,0,0.0,0,1,0.0,1,0,0,2
22,50000000.0,2.0,0,1.0,0,1,0.0,1,0,0,4
16,100000000.0,15.0,0,0.0,1,0,0.0,1,0,1,2
8,5000000.0,10.0,0,0.0,0,0,0.0,1,0,1,3
200,1000000000.0,40.0,0,0.0,1,0,1.0,1,0,0,0
8,70425674.0,30.0,0,0.0,0,0,0.0,1,1,1,1
110,800000000.0,10.0,0,1.0,1,0,0.0,0,1,1,2
5,900000.0,20.0,0,0.0,0,0,0.0,1,0,0,1
30,100000000.0,15.0,0,0.0,1,0,0.0,1,0,1,2
14,120000000.0,6.0,0,0.0,1,0,1.0,1,1,0,1
32,5500000.0,8.0,0,0.0,0,0,0.0,1,0,1,2
33,45000000.0,30.0,0,1.0,1,0,0.0,1,1,0,4
58,384000000.0,13.0,0,0.0,1,1,0.0,1,1,0,1
30,598870435.0,22.0,0,1.0,1,0,0.0,1,1,1,2
27,100000000.0,15.0,0,0.0,1,0,0.0,1,0,1,3
6,18000000.0,15.0,0,0.0,0,0,0.0,1,0,1,4
8,75000000.0,25.0,0,0.0,0,0,0.0,1,0,1,3
12,20000000.0,30.0,0,0.0,0,1,0.0,1,1,0,3
5,1000000.0,10.0,0,1.0,0,0,0.0,1,0,0,4
4,24000000.0,15.0,0,1.0,1,0,0.0,1,1,0,0
10,80000000.0,20.0,0,0.0,1,0,0.0,1,0,0,0
148,1000000000.0,25.0,0,0.0,0,0,1.0,0,1,1,4
14,74106587.0,30.0,0,0.0,0,1,0.0,1,0,1,2
12,500000000.0,30.0,0,0.0,1,0,0.0,1,0,1,4
400,1700000000.0,30.0,0,0.0,0,0,0.0,1,1,0,1
25,420000000.0,3.0,0,0.0,1,0,0.0,0,1,1,0
6,20000000.0,3.0,0,0.0,1,0,0.0,1,0,1,4
30,100000000.0,30.0,0,1.0,1,0,0.0,1,0,0,2
12,68000000.0,30.0,0,0.0,0,0,0.0,1,0,1,3
6,48000000.0,2.0,0,0.0,0,1,0.0,0,1,0,0
33,80500000.0,30.0,0,0.0,1,0,0.0,1,0,1,2
7,29000000.0,40.0,0,0.0,1,0,1.0,1,0,1,2
6,7200000.0,24.0,0,0.0,0,0,0.0,1,0,0,0
54,100000000.0,39.0,0,1.0,1,0,0.0,1,1,1,0
230,950000000.0,30.0,50,1.0,1,0,1.0,1,1,0,1
200,30000000.0,30.0,0,1.0,1,0,1.0,1,1,1,3
21,100000000.0,20.0,0,0.0,1,0,0.0,0,0,1,0
199,352800000.0,15.0,0,0.0,1,1,0.0,0,0,0,1
11,72000000.0,9.0,0,1.0,1,1,0.0,1,0,0,1
8,2200000.0,35.0,0,1.0,0,0,0.0,1,0,0,4
37,10000000.0,5.0,50,0.0,1,0,0.0,1,1,0,4
22,50000000.0,25.0,0,0.0,0,0,0.0,1,0,0,0
15,38754100.0,20.0,0,1.0,1,0,0.0,1,0,0,4
5,27000000.0,35.0,0,1.0,1,0,1.0,1,0,1,3
390,900000000.0,27.0,0,1.0,1,0,1.0,0,0,1,1
6,9440000.0,20.0,0,1.0,0,0,0.0,1,0,0,3
15,1200000000.0,20.0,70,0.0,1,0,1.0,1,0,0,2
8,6480286.0,8.0,0,1.0,1,1,1.0,0,1,1,0
240,450000000.0,20.0,0,1.0,1,1,0.0,0,1,0,2
70,713000000.0,20.0,0,0.0,0,0,1.0,0,1,1,4
10,25000000.0,14.0,0,0.0,1,0,0.0,1,0,1,2
15,500000000.0,25.0,0,0.0,0,0,0.0,1,0,1,2
260,5400000000.0,47.0,0,1.0,1,0,0.0,1,0,1,0
21,15000000.0,22.0,0,1.0,0,1,0.0,0,0,1,3
15,7000000.0,10.0,0,0.0,1,0,0.0,1,0,1,2
115,2000000000.0,30.0,0,0.0,0,0,0.0,1,1,1,4
200,550000000.0,10.0,0,0.0,1,0,1.0,0,1,1,4
100,210000000.0,15.0,0,0.0,1,0,0.0,1,1,0,4
12,14400000.0,15.0,0,0.0,1,1,0.0,0,1,0,1
5,80000000.0,25.0,0,0.0,0,1,0.0,1,0,1,4
13,800000000.0,9.0,0,0.0,1,1,0.0,0,1,1,3
7,29540800.0,14.0,0,0.0,0,1,0.0,1,0,0,2
25,72500000.0,25.0,0,0.0,1,0,0.0,1,0,0,3
20,107556600.0,16.0,0,0.0,1,0,0.0,0,1,0,2
45,75600000.0,7.0,0,0.0,1,1,0.0,0,0,0,1
200,700000000.0,12.0,0,0.0,1,0,0.0,1,0,0,2
61,300000000.0,30.0,0,1.0,1,1,0.0,1,0,1,1
16,8000000.0,15.0,0,1.0,0,1,0.0,1,0,0,2
27,38880000.0,12.0,0,0.0,1,1,0.0,0,1,0,1
55,25250000.0,15.0,0,1.0,1,1,0.0,0,0,1,3
16,3000000.0,5.0,0,0.0,0,0,0.0,0,1,0,3
6,8000000.0,26.0,0,0.0,0,0,0.0,1,0,0,2
5,5600000.0,20.0,0,0.0,0,1,0.0,1,0,0,3
55,59400000.0,11.0,0,0.0,1,1,0.0,0,1,0,1
32,12000000.0,8.0,0,0.0,1,0,0.0,1,1,1,2
105,700000000.0,10.0,0,0.0,1,0,0.0,0,0,1,3
150,950000000.0,20.0,100,1.0,1,0,1.0,1,1,0,0
40,400000000.0,10.0,0,0.0,1,0,0.0,1,0,1,3
90,1200000000.0,23.0,0,0.0,1,0,0.0,1,0,1,2
10,40000000.0,15.0,0,1.0,1,0,0.0,1,1,0,2
8,8400000.0,5.0,0,0.0,1,1,0.0,0,0,0,1
10,30000000.0,14.0,0,0.0,1,0,0.0,0,0,1,2
80,300000000.0,15.0,20,0.0,1,0,0.0,0,0,1,2
24,110900000.0,13.0,0,1.0,1,0,0.0,0,1,1,2
13,60000000.0,20.0,0,0.0,1,0,0.0,1,1,1,2
5,10470300.0,25.0,0,1.0,1,0,0.0,1,1,0,4
358,80000000.0,49.0,0,0.0,1,0,0.0,1,1,1,3
40,500000000.0,30.0,0,1.0,1,0,1.0,1,0,0,4
15,12500000.0,11.0,0,0.0,1,0,1.0,1,0,0,1
34,35000000.0,22.0,0,1.0,1,0,0.0,1,1,1,3
20,9000000.0,20.0,0,0.0,1,0,0.0,1,1,1,2
180,4170000000.0,15.0,0,0.0,1,1,0.0,0,1,0,0
6,20000000.0,16.0,0,0.0,1,0,0.0,1,0,1,3
79,122000000.0,15.0,0,0.0,0,1,0.0,1,0,1,1
20,10000000.0,17.0,0,1.0,0,0,0.0,0,0,0,4
121,130680000.0,8.0,0,0.0,0,1,0.0,0,0,0,1
120,900000000.0,20.0,50,0.0,1,0,1.0,1,1,1,4
5,30470500.0,5.0,0,1.0,1,1,0.0,1,0,1,3
160,6000000000.0,36.0,0,1.0,1,1,0.0,1,0,1,2
4,3500700.0,25.0,0,0.0,1,0,0.0,1,0,1,2
7,6000000.0,20.0,0,0.0,1,1,0.0,1,0,1,4
3,1200000.0,7.0,0,0.0,1,0,0.0,1,0,0,1
5,6000000.0,6.0,0,0.0,1,1,0.0,1,1,0,1
20,9111560.0,41.0,0,0.0,1,0,0.0,1,0,1,0
48,69120000.0,2.0,0,0.0,1,1,0.0,0,1,0,2
8,4320000.0,10.0,0,0.0,1,0,0.0,0,0,0,1
52,124000000.0,32.0,0,0.0,1,0,0.0,1,1,0,3
5,32000000.0,10.0,0,0.0,1,0,1.0,1,0,1,3
19,700000000.0,28.0,0,0.0,1,0,1.0,1,0,1,0
25,100000000.0,15.0,100,0.0,1,0,1.0,1,0,1,2
7,17600000.0,7.0,0,1.0,1,0,0.0,1,0,1,2
25,100000000.0,30.0,0,0.0,0,0,0.0,1,0,1,4
82,480000000.0,7.0,0,0.0,1,0,0.0,0,1,0,3
16,37540000.0,30.0,0,0.0,1,0,0.0,1,0,1,2
54,78000000.0,13.0,0,1.0,1,0,0.0,1,0,0,2
90,250000000.0,10.0,0,1.0,1,0,0.0,1,0,1,4
28,300000000.0,31.0,0,0.0,1,0,1.0,1,0,0,2
1136,6000000000.0,49.0,0,1.0,1,0,0.0,0,1,0,3
7,60000000.0,35.0,0,1.0,1,0,1.0,1,0,1,3
20,324559000.0,20.0,100,0.0,1,0,1.0,1,0,0,1
4,4590000.0,5.0,0,0.0,1,1,0.0,1,1,1,1
40,3079500000.0,15.0,0,1.0,1,0,0.0,1,0,0,1
30,67500000.0,15.0,0,1.0,1,0,0.0,1,1,1,1
23,6500000.0,20.0,0,0.0,1,1,0.0,1,1,0,0
5,4200000.0,20.0,0,0.0,1,0,0.0,1,0,1,2
12,40000000.0,40.0,0,0.0,1,0,0.0,1,0,1,2
5,3000000.0,15.0,0,0.0,0,0,0.0,1,1,0,0
3,5000000.0,20.0,0,0.0,0,0,0.0,1,0,0,3
18,25600000.0,20.0,0,0.0,1,0,0.0,1,0,1,2
15,320000000.0,15.0,100,0.0,1,1,1.0,1,0,0,0
20,120000000.0,7.0,0,1.0,1,0,1.0,1,1,0,1
40,150000000.0,19.0,0,0.0,1,0,0.0,1,0,1,4
23,16560000.0,14.0,0,0.0,1,0,0.0,1,0,0,1
7,30000000.0,12.0,0,0.0,1,0,0.0,1,0,1,4
25,300000000.0,25.0,0,0.0,1,0,0.0,1,0,1,3
10,12000000.0,30.0,0,0.0,0,0,0.0,1,0,0,3
80,4000000000.0,5.0,0,1.0,0,1,1.0,1,0,0,3
190,422000000.0,30.0,0,1.0,1,0,0.0,0,1,0,3
15,20000000.0,25.0,0,0.0,1,0,0.0,1,0,0,1
20,10800000.0,40.0,0,0.0,0,0,0.0,1,1,1,1
210,430000000.0,35.0,0,0.0,1,0,1.0,0,1,1,3
5,15000000.0,69.0,0,0.0,1,0,0.0,1,0,1,3
5,50000000.0,10.0,0,0.0,1,0,0.0,1,1,0,4
5,1000000.0,20.0,0,0.0,0,0,1.0,1,0,0,4
5,4000000.0,40.0,0,0.0,0,0,0.0,1,0,0,2
30,36700000.0,25.0,0,1.0,1,1,1.0,1,0,1,2
15,31580000.0,29.0,0,0.0,1,0,0.0,0,1,0,3
2,10000000.0,40.0,0,0.0,0,0,0.0,1,0,1,3
125,28563669.0,21.0,0,0.0,1,0,0.0,1,0,1,1
20,60000000.0,10.0,0,0.0,1,0,0.0,0,0,1,0
6,4000000.0,3.0,0,0.0,0,1,0.0,1,0,1,0
7,70000040.0,35.0,0,0.0,1,0,0.0,1,1,0,3
90,109080000.0,12.0,0,0.0,1,1,0.0,0,1,0,1
52,50000000.0,25.0,0,0.0,1,1,0.0,1,0,1,1
7,12000000.0,40.0,0,1.0,1,1,0.0,1,0,1,4
3,5400000.0,17.0,0,0.0,1,1,0.0,1,0,1,3
100,1400000000.0,27.0,0,0.0,1,1,1.0,1,1,1,4
7,2500000.0,40.0,0,0.0,0,0,0.0,1,0,1,2
103,1100000000.0,30.0,0,1.0,1,0,0.0,1,0,1,1
5,36900000.0,25.0,0,0.0,1,0,0.0,1,1,0,1
12,7000000.0,10.0,0,1.0,1,0,1.0,1,1,1,0
25,200000000.0,10.0,0,0.0,1,0,0.0,1,0,1,3
19,200000000.0,45.0,40,0.0,1,0,0.0,1,1,0,4
25,70000000.0,8.0,0,0.0,1,0,0.0,1,0,1,0
100,275600000.0,20.0,0,1.0,1,0,0.0,0,1,1,2
20,4000000.0,12.0,0,1.0,1,0,0.0,1,1,1,0
70,3000000.0,5.0,0,0.0,0,0,0.0,1,0,0,2
125,92100000.0,8.0,0,0.0,1,1,0.0,0,0,0,1
10,12600000.0,10.0,0,0.0,1,0,0.0,1,0,1,1
21,150000000.0,31.0,0,0.0,1,0,0.0,1,1,1,3
12,12830900.0,15.0,0,1.0,1,1,0.0,1,0,1,4
36,385000000.0,21.0,0,1.0,1,1,1.0,1,1,1,3
3,690000.0,6.0,0,0.0,0,0,0.0,1,0,0,4
10,4300500.0,25.0,0,0.0,1,0,0.0,1,0,0,2
780,2500000000.0,18.0,0,0.0,1,0,1.0,1,1,0,1
6,5230000.0,11.0,0,0.0,0,0,0.0,1,0,1,4
10,14000000.0,10.0,0,0.0,0,0,0.0,1,0,1,3
11,12000000.0,30.0,0,1.0,0,1,0.0,1,1,0,2
66,780000000.0,31.0,0,1.0,1,0,0.0,1,1,1,1
45,14000000.0,24.0,0,0.0,1,0,0.0,1,0,0,3
5,720000.0,10.0,0,1.0,0,1,0.0,1,0,0,1
5,60000000.0,40.0,0,0.0,1,1,0.0,1,0,0,1
15,20756000.0,25.0,0,0.0,0,0,0.0,0,1,0,4
6,6000000.0,30.0,0,0.0,1,0,0.0,1,0,0,4
96,3200000000.0,15.0,0,1.0,1,1,1.0,0,1,0,0
18,170000000.0,5.0,0,0.0,0,1,0.0,1,0,0,3
7,78000000.0,30.0,0,1.0,1,0,0.0,1,0,1,4
32,37246000.0,50.0,0,0.0,1,1,0.0,1,1,1,3
40,7200000.0,10.0,0,0.0,1,1,0.0,1,1,1,2
5,17000000.0,25.0,0,1.0,1,0,1.0,1,1,0,2
620,250000000.0,7.0,0,1.0,1,1,0.0,1,1,0,4
28,182000000.0,35.0,0,1.0,1,0,1.0,1,1,0,4
45,32400000.0,20.0,0,0.0,1,1,0.0,0,0,0,1
3,6200000.0,16.0,0,0.0,0,0,0.0,1,0,0,2
20,18000000.0,20.0,2,1.0,1,1,0.0,0,0,0,4
6,7000000.0,5.0,0,0.0,1,0,1.0,1,1,0,1
30,100000000.0,10.0,0,0.0,0,0,0.0,1,0,1,3
250,1000000000.0,25.0,100,1.0,1,0,0.0,1,1,0,0
8,3456000.0,25.0,0,0.0,1,1,0.0,1,0,0,1
60,100000000.0,30.0,0,0.0,1,0,0.0,1,0,1,1
120,500000000.0,5.0,0,0.0,1,1,0.0,1,0,1,2
30,820000000.0,20.0,0,0.0,0,1,0.0,1,0,1,4
80,20000000.0,25.0,0,0.0,0,0,0.0,0,1,1,3
80,700000000.0,18.0,0,1.0,0,0,0.0,1,0,1,3
85,530268400.0,20.0,0,1.0,1,0,1.0,1,0,1,1
4,150000500.0,29.0,0,0.0,0,0,0.0,1,0,1,0
9,6000000.0,20.0,0,0.0,0,0,0.0,1,0,0,3
100,100960000.0,20.0,0,0.0,1,0,0.0,1,1,1,2
78,402736665.0,40.0,0,1.0,0,0,0.0,1,1,1,3
16,200000000.0,15.0,0,0.0,1,0,0.0,0,0,1,2
12,50000000.0,15.0,0,0.0,1,0,0.0,1,1,1,3
8,5790000.0,21.0,0,0.0,1,1,0.0,1,0,0,1
12,60000000.0,20.0,0,0.0,0,1,0.0,1,0,0,3
75,980000000.0,21.0,0,0.0,1,0,0.0,1,1,0,2
12,350000000.0,25.0,0,0.0,1,0,0.0,1,1,1,4
5,5000000.0,20.0,0,0.0,1,0,0.0,1,0,0,1
220,10000000000.0,16.0,0,1.0,1,1,0.0,1,1,1,1
10,5000000.0,15.0,0,0.0,0,0,0.0,1,0,0,3
44,292000000.0,10.0,0,1.0,1,1,1.0,0,1,0,3
20,50000000.0,10.0,0,0.0,1,0,1.0,1,1,0,1
500,800000000.0,40.0,90,1.0,1,1,1.0,1,1,0,1
5,720000.0,4.0,0,0.0,0,1,0.0,1,0,0,3
3,3600000.0,30.0,0,0.0,0,0,0.0,1,0,0,1
25,100000000.0,30.0,0,0.0,1,0,0.0,1,0,1,4
10,52835000.0,10.0,0,0.0,0,0,0.0,1,0,1,3
605,6500000000.0,18.0,0,1.0,1,0,1.0,1,1,1,3
20,12000000.0,23.0,0,1.0,1,0,0.0,1,0,0,4
100,700000000.0,35.0,0,0.0,1,0,0.0,1,1,0,2
100,60000000.0,10.0,0,1.0,1,1,0.0,1,0,0,1
3,7200000.0,40.0,0,0.0,0,0,0.0,1,0,1,3
22,600000000.0,12.0,0,1.0,1,1,1.0,1,0,1,1
11,16000000.0,20.0,0,0.0,0,0,0.0,1,0,0,3
106,850000000.0,30.0,0,1.0,1,1,0.0,1,1,1,1
40,700000000.0,5.0,0,0.0,1,0,0.0,1,0,1,2
16,2400000.0,11.0,0,1.0,1,1,0.0,1,1,0,1
5,5000000.0,20.0,0,0.0,1,0,0.0,1,0,0,4
70,300000000.0,15.0,0,0.0,1,0,0.0,0,0,0,0
9,35000000.0,14.0,0,1.0,0,0,0.0,1,1,0,3
5,6400000.0,15.0,0,0.0,0,0,0.0,1,0,0,3
35,26560000.0,18.0,0,0.0,1,0,1.0,1,0,1,2
5,6480000.0,3.0,0,0.0,0,0,0.0,1,0,0,3
25,12000000.0,10.0,0,0.0,1,0,0.0,1,1,0,3
346,500000000.0,27.0,0,0.0,0,0,0.0,1,1,1,4
45,43200000.0,12.0,0,0.0,1,1,0.0,0,1,0,0
15,15000000.0,30.0,0,0.0,0,0,0.0,1,0,0,4
6,2000000.0,9.0,0,0.0,0,1,0.0,1,0,1,3
2,36000000.0,10.0,100,0.0,0,0,0.0,0,0,1,0
35,12380000.0,13.0,0,1.0,1,1,0.0,1,1,0,0
28,15120000.0,8.0,0,1.0,1,1,0.0,1,0,0,1
350,1500000000.0,20.0,100,1.0,1,0,1.0,0,1,0,1
60,98000000.0,25.0,0,0.0,1,0,0.0,1,1,0,2
5,6204000.0,30.0,0,0.0,1,0,1.0,1,0,0,1
8,19000000.0,17.0,0,0.0,1,0,0.0,1,0,1,2
32,1200000000.0,37.0,0,1.0,1,0,0.0,1,0,1,2
96,415000000.0,35.0,0,1.0,1,1,0.0,1,1,1,4
7,10400000.0,30.0,0,1.0,0,1,0.0,1,0,1,2
25,18000000.0,13.0,0,0.0,1,1,0.0,0,0,0,1
68,901734000.0,15.0,0,0.0,0,0,0.0,0,1,0,3
12,17280000.0,7.0,0,0.0,1,1,0.0,1,0,0,0
11,35000000.0,15.0,0,0.0,1,0,0.0,1,0,1,0
25,28981000.0,12.0,0,0.0,1,0,0.0,0,1,1,4
280,4000000000.0,49.0,0,1.0,1,0,0.0,1,0,1,0
24,250000000.0,14.0,0,0.0,0,0,0.0,1,0,1,2
256,368640000.0,13.0,0,0.0,1,1,0.0,1,0,0,1
36,600000000.0,24.0,0,0.0,0,0,0.0,1,1,1,0
12,18673250.0,5.0,0,0.0,0,0,0.0,1,0,1,1
241,1440000000.0,15.0,0,0.0,0,0,0.0,0,1,1,4
16,38500000.0,5.0,0,0.0,0,0,1.0,1,0,0,4
40,600000000.0,15.0,0,0.0,1,0,0.0,0,1,1,0
51,13500000.0,15.0,0,0.0,1,1,1.0,1,0,0,2
30,48000000.0,20.0,0,1.0,1,1,1.0,0,0,0,1
730,500000000.0,20.0,0,0.0,1,0,1.0,1,1,0,1
10,14000000.0,28.0,0,0.0,1,0,0.0,1,1,0,1
5,100000000.0,5.0,0,0.0,1,0,0.0,1,0,0,4
21,70000000.0,25.0,0,1.0,0,0,0.0,1,0,1,4
12,18500000.0,24.0,0,1.0,0,0,0.0,1,1,0,2
9,16000000.0,7.0,0,0.0,1,0,0.0,1,0,1,3
65,51120000.0,21.0,0,0.0,1,1,0.0,0,1,0,1
70,540000000.0,30.0,0,1.0,1,1,0.0,1,1,0,1
20,10000000.0,15.0,0,0.0,0,0,0.0,1,0,0,4
37,47460700.0,15.0,0,1.0,1,1,0.0,0,0,1,4
22,36000000.0,15.0,0,0.0,1,1,1.0,1,1,0,1
50,3100000000.0,20.0,0,0.0,1,0,1.0,1,1,0,1
7,3000000.0,15.0,0,0.0,1,1,0.0,1,0,1,1
10,200000000.0,40.0,0,1.0,1,0,0.0,1,0,1,3
25,300776980.0,20.0,0,0.0,1,1,0.0,1,1,1,1
18,25000000.0,20.0,25,0.0,1,0,0.0,0,1,1,0
12,10000200.0,20.0,0,0.0,0,1,0.0,1,0,1,4
2,10000000.0,37.0,0,0.0,0,0,0.0,1,1,0,3
215,101700000.0,10.0,0,0.0,1,0,1.0,1,0,0,4
7,25000000.0,3.0,0,0.0,1,0,0.0,1,0,1,3
800,11000000000.0,35.0,0,1.0,1,0,1.0,1,0,0,0
6,24000000.0,12.0,0,0.0,1,0,0.0,1,0,1,4
10,13000000.0,10.0,0,0.0,1,0,0.0,1,1,1,0
160,720000000.0,31.0,0,1.0,1,0,1.0,1,1,0,1
65,100000000.0,30.0,0,1.0,0,0,1.0,1,0,1,3
8,30000000.0,10.0,0,0.0,1,0,1.0,1,0,0,3
15,40000000.0,10.0,0,1.0,1,0,0.0,1,1,0,3
35,8000000.0,12.0,0,0.0,0,1,0.0,0,1,0,1
18,8500000.0,32.0,0,1.0,0,1,1.0,1,1,1,0
5,55000000.0,25.0,0,0.0,0,0,0.0,1,0,1,2
290,51000000.0,12.0,0,0.0,1,1,0.0,0,1,0,0
4,30000000.0,30.0,0,0.0,1,1,0.0,0,0,1,1
8,4320000.0,10.0,0,0.0,1,1,0.0,1,0,0,1
5,4800000.0,15.0,0,1.0,0,0,0.0,1,1,0,4
800,1600000000.0,25.0,0,0.0,1,0,0.0,1,0,1,2
24,24000000.0,35.0,0,0.0,1,1,0.0,1,1,1,2
29,84000000.0,36.0,0,0.0,0,0,0.0,1,0,1,3
440,70000000.0,25.0,0,0.0,1,0,0.0,1,0,0,0
35,7500000.0,12.0,0,0.0,1,0,0.0,1,1,0,2
30,17630580.0,46.0,100,1.0,1,0,1.0,1,1,1,0
5,7200000.0,13.0,0,0.0,1,1,0.0,1,1,0,0
120,500000000.0,15.0,0,0.0,1,0,0.0,1,0,1,4
18,15000000.0,10.0,0,0.0,0,1,1.0,1,1,1,0
120,600000000.0,10.0,0,1.0,0,1,1.0,0,0,1,3
116,100000000.0,50.0,0,0.0,0,1,0.0,0,1,1,1
212,339360000.0,12.0,0,0.0,1,1,0.0,0,0,0,1
34,150000000.0,22.0,0,0.0,1,0,1.0,1,1,0,0
7,36000000.0,7.0,0,0.0,1,0,0.0,0,0,1,0
6,550000000.0,35.0,0,0.0,0,0,0.0,1,0,1,2
20,12000000.0,8.0,0,0.0,1,1,0.0,0,0,0,0
20,50000000.0,15.0,0,0.0,1,0,0.0,1,0,1,0
20,5500000.0,5.0,0,1.0,0,0,0.0,1,1,0,3
5,12540000.0,40.0,0,1.0,0,0,0.0,1,0,1,1
350,1500000000.0,30.0,0,1.0,1,0,1.0,1,1,0,0
100,500000000.0,25.0,0,0.0,1,1,0.0,1,1,1,1
100,220000000.0,4.0,0,0.0,1,0,0.0,1,1,1,0
8,12300000.0,15.0,0,0.0,1,0,0.0,1,0,1,3
1,2640000.0,12.0,0,0.0,0,1,0.0,1,0,0,3
145,174000000.0,8.0,0,0.0,1,0,0.0,0,0,0,1
350,980000000.0,32.0,0,1.0,1,0,1.0,1,1,1,3
21,26586320.0,20.0,0,0.0,1,1,0.0,1,0,1,1
10,10500000.0,20.0,0,0.0,1,0,0.0,1,0,0,2
30,400000000.0,15.0,0,0.0,1,0,0.0,0,0,1,0
10,17000000.0,15.0,0,0.0,1,0,0.0,1,0,1,2
500,1000000000.0,25.0,0,0.0,1,0,1.0,0,1,1,3
18,30000000.0,30.0,0,0.0,0,0,0.0,1,0,1,4
475,1000000000.0,20.0,0,0.0,1,0,1.0,1,0,0,1
7,5000000.0,21.0,0,0.0,0,0,0.0,1,0,0,2
12,8640000.0,11.0,0,0.0,1,1,0.0,0,0,0,1
11,100127565.0,20.0,0,0.0,1,1,1.0,1,0,1,0
105,1400500000.0,40.0,0,1.0,1,0,0.0,1,1,0,3
7,9610607.0,40.0,0,1.0,1,0,0.0,1,0,0,3
16,96000000.0,19.0,0,0.0,0,1,0.0,1,0,1,1
150,800000000.0,20.0,0,0.0,1,0,1.0,1,1,0,2
10,2000000.0,15.0,0,0.0,0,0,0.0,1,0,0,4
35,40000000.0,20.0,0,0.0,1,0,0.0,1,1,0,1
75,600000000.0,45.0,0,1.0,1,0,0.0,1,1,0,2
17,15850000.0,15.0,0,0.0,0,1,0.0,1,1,1,1
84,337000000.0,38.0,0,0.0,1,0,0.0,1,1,1,3
7,420000000.0,20.0,0,0.0,1,1,1.0,1,0,1,1
62,44640000.0,12.0,0,0.0,1,1,0.0,0,1,0,0
35,27047000.0,12.0,0,0.0,1,0,0.0,1,1,0,1
120,3800068090.0,8.0,0,0.0,1,0,0.0,1,1,0,1
15,342707277.0,11.0,0,0.0,1,1,1.0,1,1,0,3
10,8000000.0,15.0,0,0.0,0,1,1.0,1,0,0,2
7,10000000.0,20.0,0,0.0,0,0,0.0,1,1,0,3
12,79000000.0,20.0,0,0.0,1,0,0.0,1,0,1,4
223,727000000.0,4.0,0,0.0,1,0,0.0,1,1,1,1
8,5000000.0,12.0,0,0.0,1,0,0.0,1,1,0,3
30,300000000.0,20.0,0,1.0,1,0,0.0,1,0,0,2
10,12600000.0,20.0,0,0.0,0,1,0.0,1,1,1,2
5,7500000.0,5.0,0,0.0,1,1,0.0,0,0,0,1
32,574148347.0,18.0,0,0.0,1,1,1.0,1,0,1,1
10,5000000.0,35.0,0,0.0,1,0,0.0,1,1,1,0
21,200000000.0,35.0,0,0.0,1,0,0.0,1,0,1,2
6,7200000.0,27.0,0,0.0,0,0,0.0,1,0,0,1
6,7580200.0,25.0,0,1.0,1,0,1.0,1,0,1,2
40,60000000.0,20.0,0,1.0,1,0,0.0,0,1,1,3
300,900000000.0,42.0,0,1.0,1,0,1.0,1,0,1,1
70,84000000.0,6.0,0,0.0,1,0,0.0,1,1,1,2
30,350000000.0,40.0,0,1.0,1,0,0.0,1,0,1,2
17,64081712.0,8.0,0,1.0,0,1,1.0,1,0,1,1
3,10000000.0,7.0,0,1.0,1,1,1.0,1,0,0,0
15,15000000.0,36.0,0,0.0,1,0,0.0,1,0,0,3
20,10752638.0,32.0,0,0.0,1,1,0.0,1,0,1,1
10,15000000.0,25.0,0,0.0,0,1,0.0,1,0,1,2
5,1000000.0,10.0,0,0.0,0,0,0.0,1,0,0,2
7,120000000.0,15.0,0,0.0,1,1,0.0,1,0,1,2
12,7000000.0,25.0,0,0.0,0,0,0.0,1,0,0,2
15,150000000.0,38.0,0,1.0,0,0,0.0,1,0,1,1
15,36000000.0,15.0,0,0.0,0,1,0.0,1,0,0,2
18,9920000.0,20.0,0,0.0,1,1,0.0,1,0,0,1
200,230000000.0,12.0,0,1.0,1,0,0.0,1,0,0,2
7,15000000.0,22.0,0,1.0,1,0,1.0,0,1,0,2
56,30000000.0,25.0,0,0.0,1,1,1.0,0,1,1,0
5,2400000.0,8.0,0,0.0,1,0,0.0,1,0,1,4
7,12000000.0,9.0,0,0.0,0,0,0.0,1,0,1,3
50,107000000.0,20.0,0,0.0,1,0,0.0,1,0,0,2
130,2500000000.0,40.0,0,1.0,0,0,0.0,1,1,0,2
80,80020500.0,40.0,0,0.0,1,0,0.0,1,0,0,1
6,20000000.0,10.0,0,0.0,0,0,0.0,1,0,1,4
25,285967400.0,15.0,0,0.0,1,1,0.0,1,1,0,2
13,67840000.0,40.0,0,0.0,0,0,0.0,1,1,1,1
25,480000000.0,27.0,0,1.0,0,1,0.0,1,1,1,0
17,19300000.0,35.0,0,1.0,0,0,0.0,0,1,1,0
185,228960000.0,11.0,0,0.0,1,1,0.0,0,1,0,1
870,1000000000.0,20.0,0,1.0,1,0,1.0,0,0,1,2
7,800000000.0,27.0,0,0.0,1,1,0.0,1,0,1,4
20,85230000.0,10.0,0,0.0,1,1,0.0,1,0,1,4
920,12000000000.0,25.0,0,1.0,1,0,1.0,0,1,1,2
60,800000000.0,23.0,0,0.0,1,0,0.0,1,0,0,2
6,15204240.0,40.0,0,0.0,0,1,0.0,1,0,1,1
6,20000000.0,36.0,0,0.0,0,0,0.0,0,1,0,4
22,100000000.0,20.0,0,0.0,1,0,0.0,0,0,1,3
5,12500000.0,12.0,0,0.0,1,0,0.0,1,1,0,2
10,5000000.0,20.0,0,0.0,0,0,0.0,1,0,0,4
10,30000000.0,30.0,0,0.0,0,0,0.0,1,0,1,4
18,150800000.0,5.0,0,0.0,1,0,0.0,1,0,1,4
110,600000000.0,30.0,0,0.0,1,0,1.0,0,0,0,3
100,600000000.0,30.0,0,1.0,1,1,0.0,1,1,1,1
70,35268580.0,50.0,0,0.0,1,0,0.0,1,0,1,1
248,268560000.0,26.0,0,0.0,1,1,0.0,0,1,0,1
8,64000000.0,27.0,50,0.0,1,0,1.0,1,0,1,4
28,230000000.0,12.0,0,0.0,1,0,0.0,0,0,1,2
12,200000000.0,10.0,0,0.0,1,0,0.0,1,0,1,3
212,366400000.0,30.0,100,0.0,1,0,0.0,0,0,1,2
105,3000000000.0,30.0,0,0.0,1,0,0.0,1,1,1,3
50,60000000.0,18.0,0,0.0,1,0,0.0,1,0,1,1
15,200000000.0,10.0,0,0.0,1,0,0.0,1,1,0,1
40,900000000.0,40.0,0,0.0,1,0,0.0,1,1,0,4
38,78000000.0,23.0,0,1.0,1,1,0.0,1,0,1,3
21,11340000.0,10.0,0,0.0,1,1,0.0,1,1,1,1
8,28000000.0,31.0,0,0.0,0,0,0.0,1,0,1,4
104,700000000.0,28.0,0,0.0,0,0,0.0,1,0,0,2
94,7000000000.0,18.0,0,0.0,1,0,0.0,1,0,1,4
8,20000000.0,20.0,0,0.0,1,0,0.0,1,0,1,2
70,900000000.0,24.0,0,0.0,0,0,0.0,1,0,0,2
112,60480000.0,8.0,0,1.0,1,1,0.0,0,0,0,1
5,3000000.0,25.0,0,0.0,0,1,0.0,1,0,0,0
200,2000000000.0,20.0,0,0.0,1,0,0.0,1,1,1,2
139,5000000000.0,25.0,0,1.0,1,0,0.0,0,1,1,3
15,9000000.0,5.0,0,0.0,1,0,1.0,1,0,0,2
27,260000000.0,10.0,0,0.0,1,0,0.0,1,1,1,1
50,1100000000.0,10.0,0,0.0,0,0,0.0,0,0,1,0
45,300000000.0,20.0,0,1.0,1,1,0.0,1,1,1,1
84,470000000.0,38.0,0,0.0,1,0,0.0,1,1,1,3
120,80000000.0,27.0,0,0.0,1,1,0.0,1,0,1,3
500,6000000000.0,30.0,0,0.0,0,0,0.0,1,0,0,2
21,8652630.0,24.0,0,0.0,1,0,0.0,1,0,0,2
10,15000000.0,27.0,0,0.0,0,0,0.0,0,0,1,3
10,60000000.0,50.0,0,0.0,1,1,0.0,1,1,0,2
2,1000000.0,19.0,0,0.0,1,0,0.0,1,0,1,4
502,451800000.0,35.0,0,0.0,1,1,0.0,0,0,0,1
25,226800000.0,20.0,100,0.0,1,0,0.0,0,0,0,0
10,2000000.0,20.0,0,0.0,1,0,0.0,1,1,0,3
200,540000000.0,28.0,0,0.0,0,0,0.0,1,1,0,0
7,3500000.0,21.0,0,1.0,0,1,0.0,1,0,1,4
105,597000000.0,10.0,0,0.0,1,0,0.0,0,0,1,2
25,15000000.0,20.0,0,0.0,1,0,0.0,1,1,0,4
19,14000000.0,27.0,0,0.0,1,0,0.0,1,0,1,0
16,60000000.0,20.0,0,1.0,1,0,0.0,1,0,0,0
5,4200000.0,10.0,0,0.0,1,1,0.0,1,1,0,0
20,38400000.0,20.0,100,0.0,1,1,0.0,1,0,1,2
10,80000000.0,30.0,0,0.0,0,1,0.0,1,0,1,2
8,2800000.0,4.0,0,1.0,1,0,0.0,1,0,0,0
7,2500000.0,5.0,0,1.0,1,0,1.0,1,1,0,4
12,10000000.0,8.0,0,0.0,1,0,0.0,1,1,1,2
22,3500000.0,8.0,0,0.0,1,0,0.0,1,0,0,3
20,1000000.0,7.0,0,0.0,1,0,0.0,1,0,1,3
15,40000000.0,15.0,0,0.0,1,0,0.0,1,0,1,2
15,30000000.0,33.0,0,0.0,1,0,0.0,1,0,1,3
85,326800000.0,12.0,50,0.0,1,1,0.0,0,1,1,0
30,200000000.0,7.0,0,0.0,1,1,0.0,1,1,1,2
5,10000000.0,10.0,0,0.0,1,0,0.0,1,0,0,4
19,100000000.0,40.0,0,0.0,0,1,0.0,0,0,1,3
250,3000000000.0,15.0,0,1.0,1,0,1.0,0,0,0,1
9,5000000.0,25.0,0,0.0,0,1,0.0,1,0,1,2
48,12420000.0,8.0,0,0.0,1,1,0.0,0,0,0,1
14,70000000.0,20.0,0,0.0,1,0,1.0,1,1,1,3
6,38000000.0,18.0,0,1.0,1,0,1.0,1,0,1,2
15,10000000.0,20.0,0,1.0,0,1,0.0,1,0,1,4
20,36000000.0,15.0,0,0.0,0,0,0.0,1,1,0,0
60,62400000.0,13.0,0,0.0,1,1,0.0,0,1,1,0
10,30000000.0,8.0,0,0.0,0,0,0.0,1,0,1,4
100,1200000000.0,15.0,0,0.0,1,0,0.0,0,0,1,3
30,14500000.0,34.0,0,0.0,1,1,0.0,1,1,1,3
56,86016000.0,7.0,0,0.0,1,1,0.0,0,0,0,1
23,16560000.0,9.0,0,0.0,1,1,0.0,1,0,0,1
8,52000000.0,20.0,0,1.0,1,1,1.0,0,1,1,1
10,30870000.0,23.0,0,0.0,1,0,0.0,1,0,0,4
155,460400000.0,30.0,0,0.0,0,0,0.0,0,0,1,3
7,850000000.0,18.0,0,0.0,0,0,0.0,1,0,0,2
16,16000000.0,45.0,0,1.0,0,0,0.0,1,0,0,2
189,80000000.0,10.0,0,0.0,1,0,0.0,0,0,1,3
14,1500000.0,22.0,0,0.0,0,0,0.0,1,0,0,3
87,500000000.0,40.0,0,1.0,1,0,0.0,1,0,1,2
8,7200000.0,15.0,0,0.0,1,1,0.0,0,0,0,1
52,74880000.0,12.0,0,0.0,1,0,0.0,0,0,0,1
800,1400000000.0,26.0,0,0.0,1,0,0.0,1,0,1,2
80,600000000.0,30.0,0,0.0,1,0,0.0,1,0,1,2
202,1400000000.0,26.0,0,1.0,1,0,0.0,0,1,0,3
10,50000000.0,15.0,0,0.0,1,0,0.0,1,0,1,2
42,200000000.0,20.0,0,0.0,1,0,0.0,0,1,1,2
11,216000000.0,16.0,0,1.0,1,0,0.0,1,0,1,2
750,57000000000.0,30.0,0,1.0,1,0,1.0,0,1,0,1
11,10000000.0,25.0,0,1.0,1,1,0.0,1,0,1,3
175,252000000.0,6.0,0,0.0,1,1,0.0,1,0,0,1
33,45500000.0,12.0,0,0.0,0,1,0.0,0,1,0,1
12,900000000.0,25.0,0,0.0,1,1,1.0,1,0,1,3
500,1500000000.0,20.0,0,1.0,1,1,1.0,1,1,1,0
45,119000000.0,30.0,0,0.0,0,0,0.0,1,0,0,1
53,50000000.0,9.0,0,1.0,1,0,0.0,0,0,1,0
245,340000000.0,18.0,0,0.0,1,0,0.0,0,1,0,0
12,8640000.0,6.0,0,0.0,1,1,0.0,0,0,0,1
178,800000000.0,16.0,0,0.0,1,0,0.0,1,1,1,4
15,8000000.0,35.0,0,0.0,0,0,0.0,1,1,0,1
6,2192361.0,5.0,0,1.0,1,0,0.0,1,0,0,4
13,9000000.0,15.0,0,0.0,0,1,0.0,1,0,1,2
28,10000000.0,4.0,0,1.0,0,1,0.0,0,1,0,2
13,2000000.0,25.0,0,0.0,1,0,0.0,0,0,1,1
23,60000000.0,20.0,0,0.0,0,0,0.0,1,0,0,3
14,50000000.0,30.0,0,0.0,1,0,1.0,0,1,1,2
120,100856300.0,35.0,0,1.0,1,0,1.0,1,1,1,1
63,550000000.0,26.0,0,1.0,1,1,1.0,1,0,1,2
60,450000000.0,20.0,0,0.0,1,0,0.0,1,0,1,2
3,500000.0,30.0,0,1.0,0,0,0.0,1,0,0,4
140,71280000.0,3.0,0,0.0,1,1,0.0,1,0,0,1
10,10896000.0,6.0,0,0.0,0,0,1.0,1,0,1,2
165,2000000000.0,20.0,0,1.0,0,0,0.0,1,1,0,1
9,1800000.0,12.0,0,0.0,0,0,0.0,1,0,0,1
20,70000000.0,15.0,0,0.0,1,0,0.0,1,1,0,0
5,5000000.0,10.0,0,0.0,0,1,0.0,1,0,0,1
8,50000000.0,7.0,0,0.0,1,0,0.0,1,0,1,3
15,300000000.0,8.0,0,1.0,1,1,0.0,1,1,1,2
10,6530000.0,11.0,0,0.0,1,0,0.0,1,0,0,3
56,99456000.0,12.0,0,0.0,1,0,0.0,0,0,0,1
14,130000000.0,35.0,0,0.0,0,0,0.0,1,1,0,2
24,220000000.0,6.0,0,1.0,0,1,0.0,1,0,1,2
54,500000000.0,13.0,0,0.0,1,0,0.0,1,1,1,3
25,300000000.0,21.0,0,0.0,1,0,0.0,1,1,1,3
92,96000000.0,35.0,0,1.0,1,1,0.0,1,1,0,2
57,56000000.0,20.0,0,1.0,1,0,0.0,1,0,0,1
225,378000000.0,14.0,0,0.0,1,1,0.0,0,0,0,1
87,118400000.0,30.0,0,0.0,1,1,0.0,1,0,1,2
5,9600000.0,10.0,0,0.0,1,1,0.0,0,0,0,1
8,9600000.0,5.0,0,0.0,1,1,0.0,0,0,0,1
29,20880000.0,8.0,0,0.0,1,1,0.0,0,0,0,1
48,4000000.0,15.0,0,0.0,1,1,0.0,0,1,0,1
550,3000000000.0,42.0,0,1.0,1,1,0.0,1,1,0,3
300,850000000.0,50.0,40,0.0,1,1,0.0,1,1,0,2
21,25000000.0,34.0,0,0.0,1,0,0.0,1,0,1,3
5,6000000.0,18.0,0,1.0,1,1,0.0,1,0,1,2
20,30000000.0,15.0,0,1.0,1,1,1.0,1,1,1,2
100,3000000000.0,20.0,0,1.0,1,1,1.0,0,1,0,2
145,780000000.0,4.0,0,1.0,0,0,1.0,0,1,0,2
2,2000000.0,10.0,0,0.0,0,0,0.0,1,0,0,3
5,27684600.0,13.0,0,0.0,0,0,0.0,1,0,0,3
120,700000000.0,26.0,0,1.0,1,0,1.0,1,1,1,4
8,5000000.0,20.0,0,0.0,1,0,0.0,1,0,0,4
11,12000000.0,20.0,0,0.0,1,0,0.0,1,0,0,4
5,30000000.0,5.0,0,0.0,0,0,0.0,1,0,1,4
10,15000000.0,20.0,0,0.0,0,0,0.0,1,1,0,3
20,25000000.0,15.0,0,1.0,1,1,0.0,1,1,1,3
6,5000000.0,12.0,0,0.0,1,1,0.0,0,0,0,0
7,30000000.0,4.0,0,0.0,0,1,0.0,1,0,1,0
3,5500000.0,30.0,0,0.0,0,1,0.0,0,0,1,2
20,100000000.0,10.0,0,0.0,0,1,0.0,1,0,1,3
25,614612000.0,18.0,0,0.0,1,0,0.0,0,1,1,0
14,63000000.0,25.0,0,0.0,1,0,0.0,1,1,0,2
10,2500000.0,10.0,0,0.0,0,0,0.0,0,1,0,2
32,14000000.0,20.0,0,0.0,1,1,0.0,1,1,1,1
40,1300000000.0,8.0,0,1.0,0,1,0.0,1,1,1,1
45,700000000.0,18.0,0,0.0,1,0,1.0,1,1,1,0
8,15000000.0,10.0,0,0.0,1,0,0.0,1,0,0,4
12,6000000.0,10.0,0,1.0,0,0,0.0,1,0,0,4
25,700000000.0,38.0,0,0.0,1,0,1.0,1,0,1,3
17,37000000.0,15.0,0,0.0,0,0,0.0,1,0,0,2
70,180000000.0,25.0,0,1.0,1,1,0.0,0,1,1,3
52,87360000.0,11.0,0,0.0,1,1,0.0,0,0,0,1
30,500000000.0,46.0,0,1.0,1,0,1.0,1,1,1,0
16,150000000.0,20.0,0,0.0,0,0,0.0,1,0,1,3
8,12400000.0,30.0,0,0.0,0,0,0.0,1,0,1,1
150,3000000000.0,30.0,0,0.0,1,1,0.0,1,0,1,0
22,5040500.0,40.0,0,0.0,1,0,0.0,1,0,1,2
8,9600000.0,13.0,0,1.0,1,1,0.0,1,0,1,4
5,2000000.0,7.0,0,0.0,0,0,0.0,1,0,0,4
40,400000000.0,7.0,0,0.0,1,0,0.0,1,0,1,2
5,15000000.0,25.0,0,0.0,1,0,0.0,1,0,0,0
53,72000000.0,20.0,0,1.0,1,0,0.0,0,1,1,2
25,150000000.0,16.0,0,0.0,0,0,0.0,1,0,1,0
20,50000000.0,16.0,0,1.0,1,1,0.0,1,1,1,0
73,329850000.0,30.0,0,1.0,1,1,0.0,0,1,1,1
37,150000000.0,30.0,0,1.0,1,0,1.0,1,0,1,0
90,10528640300.0,36.0,85,0.0,1,0,1.0,1,0,1,1
27,100000000.0,6.0,0,0.0,1,0,0.0,1,0,1,4
1015,39000000000.0,23.0,0,1.0,1,0,1.0,1,1,1,2
35,70000000.0,18.0,0,0.0,1,1,0.0,1,0,1,3
12,68000000.0,32.0,0,0.0,1,0,0.0,1,0,1,4
40,2000000000.0,23.0,0,0.0,1,1,0.0,0,0,0,2
10,15000000.0,40.0,0,0.0,0,0,1.0,1,0,1,1
35,120000000.0,20.0,0,1.0,1,0,0.0,1,1,0,0
4,9200000.0,20.0,0,1.0,0,1,0.0,1,0,1,2
8,15000000.0,8.0,0,0.0,1,0,0.0,1,0,1,3
203,50000000.0,6.0,0,1.0,1,1,0.0,1,1,1,2
5,640000000.0,10.0,0,1.0,1,0,0.0,0,0,1,1
25,19000000.0,10.0,0,1.0,1,0,0.0,0,1,0,1
238,1200000000.0,30.0,0,0.0,0,1,0.0,1,0,1,1
150,220000000000.0,10.0,0,0.0,1,0,0.0,1,0,1,2
12,15212316.0,28.0,0,0.0,0,0,0.0,1,1,0,2
15,7000000.0,40.0,0,0.0,1,1,0.0,1,0,1,1
7,13000000.0,30.0,0,0.0,1,0,0.0,1,0,1,4
8,36000000.0,27.0,0,1.0,1,1,0.0,1,0,0,2
31,600000000.0,30.0,0,0.0,1,0,0.0,1,0,1,0
10,130000000.0,10.0,0,0.0,1,0,0.0,1,1,1,0
256,4000000000.0,20.0,0,0.0,1,1,0.0,1,1,0,1
9,7000000.0,8.0,0,0.0,1,0,1.0,0,0,1,0
53,540000000.0,30.0,0,1.0,1,0,1.0,1,1,0,0
25,12635790.0,19.0,0,0.0,1,0,0.0,1,0,1,0
45,50000000.0,16.0,0,1.0,1,0,0.0,1,1,0,1
5,1800000.0,20.0,0,1.0,1,0,0.0,1,1,0,3
150,22452000.0,8.0,0,0.0,0,0,0.0,1,0,0,4
40,60000000.0,9.0,0,0.0,0,0,0.0,1,1,1,1
25,70000000.0,15.0,0,0.0,1,0,0.0,1,0,1,2
73,198000000.0,30.0,0,0.0,1,0,1.0,1,1,0,2
110,850000000.0,22.0,0,0.0,1,0,0.0,0,0,1,3
60,40500000.0,19.0,0,0.0,1,1,0.0,0,1,1,0
96,168586994.0,22.0,52,0.0,1,0,1.0,1,0,1,1
23,32000000.0,18.0,0,0.0,1,0,1.0,1,1,0,2
148,1000000000.0,15.0,0,0.0,0,0,0.0,0,1,0,4
6,2000000.0,6.0,0,1.0,1,0,0.0,1,0,0,3
22,36000000.0,11.0,0,1.0,0,0,0.0,1,0,0,3
7,100000000.0,15.0,50,0.0,0,1,0.0,1,0,1,2
1,10800000.0,15.0,0,1.0,0,1,0.0,0,0,1,1
12,7600000.0,20.0,0,0.0,1,0,0.0,1,0,1,3
40,55000000.0,20.0,0,0.0,1,0,0.0,1,1,0,0
120,10000000.0,29.0,0,1.0,0,1,0.0,1,0,1,2
15,400000000.0,16.0,0,1.0,1,1,0.0,1,0,1,4
16,900000000.0,26.0,0,0.0,1,0,1.0,1,1,1,4
10,2200000.0,25.0,0,0.0,0,0,0.0,0,0,0,1
9,36000000.0,21.0,0,0.0,0,0,0.0,1,0,0,4
362,50000000.0,5.0,10,0.0,1,0,0.0,1,1,0,3
70,105080000.0,17.0,0,0.0,1,0,0.0,1,1,1,2
7,15000000.0,10.0,0,0.0,1,0,0.0,1,0,1,2
160,3856922560.0,50.0,0,0.0,1,0,1.0,1,0,1,1
824,31000000000.0,25.0,0,1.0,1,0,1.0,1,1,1,2
90,1500000000.0,20.0,0,0.0,1,0,0.0,1,0,0,4
8,2400000.0,30.0,0,0.0,1,0,0.0,1,0,0,0
470,10000000000.0,26.0,0,1.0,1,0,1.0,1,0,0,3
12,21000000.0,35.0,0,0.0,0,0,0.0,1,0,1,2
45,300000000.0,26.0,0,1.0,1,1,0.0,1,1,1,2
6,2300000.0,18.0,0,0.0,0,1,0.0,1,0,0,3
12,80000000.0,40.0,0,0.0,1,0,0.0,0,1,1,2
23,185000000.0,8.0,0,0.0,1,0,0.0,1,0,1,2
250,1500000000.0,30.0,0,1.0,0,0,1.0,1,1,1,2
8,3000000.0,20.0,0,1.0,0,0,0.0,1,0,0,4
25,18635200.0,25.0,100,0.0,1,0,1.0,1,1,1,1
7,24000000.0,30.0,0,0.0,1,0,0.0,1,0,1,0
32,20000000.0,30.0,0,0.0,1,1,0.0,1,1,1,0
10,100000000.0,10.0,0,0.0,1,0,0.0,0,0,1,0
100,64800000.0,12.0,0,0.0,1,1,1.0,0,1,0,0
10,10000000.0,6.0,0,0.0,0,0,0.0,1,0,0,3
31,25800000.0,20.0,0,0.0,1,1,0.0,0,0,1,2
6,14000000.0,7.0,0,0.0,0,1,0.0,1,1,1,3
60,22800000.0,3.0,0,1.0,1,0,1.0,0,1,1,0
49,254000000.0,30.0,0,0.0,0,0,0.0,1,0,0,2
120,1000000000.0,25.0,100,1.0,1,0,0.0,0,1,1,3
150,1000000000.0,25.0,0,0.0,0,0,0.0,0,1,1,4
14,35520000.0,15.0,0,0.0,1,0,0.0,1,0,1,0
120,800000000.0,12.0,0,0.0,1,1,0.0,1,1,1,3
8,17000000.0,5.0,0,0.0,1,0,0.0,1,0,0,2
7,20000000.0,23.0,0,1.0,1,0,0.0,1,0,1,2
40,48000000.0,9.0,0,0.0,1,1,0.0,1,1,1,1
8,84000000.0,21.0,0,0.0,0,0,0.0,1,1,0,2
50,48956000.0,15.0,0,0.0,1,1,0.0,0,0,0,1
80,750000000.0,20.0,0,1.0,1,0,0.0,1,1,0,2
5,8437000.0,11.0,0,1.0,0,1,0.0,1,1,0,3
355,23700000000.0,21.0,35,1.0,1,0,1.0,0,1,0,1
12,9000000.0,5.0,0,0.0,1,0,0.0,1,0,1,0
15,60000000.0,30.0,0,0.0,0,0,0.0,1,0,1,1
1200,150000000000.0,8.0,0,0.0,1,0,0.0,1,1,1,3
40,500000000.0,8.0,0,0.0,1,0,0.0,1,0,1,3
53,4800000000.0,24.0,0,0.0,1,0,0.0,1,0,1,3
15,24600000.0,15.0,0,0.0,1,1,0.0,0,0,0,1
7,26000000.0,15.0,0,1.0,1,1,0.0,1,1,1,4
21,16500000.0,16.0,0,0.0,0,0,0.0,1,0,0,1
9,20000000.0,13.0,0,0.0,1,1,0.0,1,1,1,3
50,300000000.0,20.0,0,1.0,1,1,0.0,1,0,1,2
111,348328959.0,30.0,0,0.0,1,1,0.0,0,1,0,2
25,27000000.0,14.0,0,0.0,1,1,1.0,1,1,0,1
40,500000000.0,20.0,80,1.0,1,0,0.0,1,0,0,4
9,60000000.0,24.0,0,0.0,1,1,0.0,1,0,1,4
18,10500000.0,8.0,0,1.0,1,0,0.0,1,1,1,2
25,13603000.0,20.0,0,0.0,1,1,0.0,1,0,1,2
3,800000.0,15.0,0,1.0,1,0,0.0,1,0,1,3
50,20000000.0,25.0,0,0.0,0,0,0.0,0,0,1,3
5,12000000.0,11.0,0,0.0,1,1,0.0,1,0,0,3
7,900000.0,26.0,0,1.0,1,0,0.0,1,0,0,4
1000,500000000.0,30.0,50,1.0,1,0,1.0,0,1,0,3
450,1400000000.0,12.0,0,1.0,1,1,1.0,1,1,0,0
40,48000000.0,15.0,0,1.0,1,0,0.0,1,0,1,1
40,100000000.0,6.0,0,0.0,1,0,0.0,1,0,1,0
6,3500000.0,20.0,0,1.0,1,0,0.0,1,1,1,0
7,50000000.0,20.0,0,0.0,1,0,0.0,1,0,1,0
12,8640000.0,6.0,0,0.0,1,1,0.0,0,0,0,1
110,480000000.0,22.0,0,1.0,1,1,0.0,1,1,1,1
225,900000000.0,20.0,0,0.0,1,0,1.0,1,0,0,0
30,200000000.0,30.0,0,0.0,1,0,0.0,1,0,1,4
4,7200000.0,30.0,0,0.0,0,1,0.0,1,0,0,1
82,13000000000.0,20.0,50,1.0,1,1,1.0,1,1,1,4
35,100000000.0,39.0,0,1.0,1,1,0.0,1,1,0,0
7,12000000.0,16.0,0,1.0,1,0,0.0,1,0,0,3
