l1,d2,b7,b2b,h1,c22b,c36,e6,b3a,l10,c39,k30,exporter
22,112000000.0,15.0,0,1.0,1,1,1.0,1,0,1,2,0
800,4000000000.0,40.0,20,0.0,1,0,0.0,0,0,1,4,1
5,20000000.0,3.0,0,0.0,1,0,0.0,1,0,1,0,0
100,700000000.0,15.0,0,0.0,1,0,1.0,1,0,1,3,1
14,2000000.0,12.0,0,1.0,0,0,0.0,1,0,0,3,0
6,3240000.0,10.0,0,0.0,1,1,0.0,1,0,0,1,0
56,534000000.0,15.0,0,1.0,1,0,0.0,1,0,0,0,0
21,15000000.0,13.0,0,1.0,1,1,0.0,1,0,1,1,0
15,90000000.0,40.0,0,1.0,0,0,0.0,1,1,0,1,0
13,150000000.0,19.0,0,0.0,1,1,0.0,0,0,0,2,0
34,30000000.0,14.0,0,0.0,1,0,0.0,0,1,0,0,0
85,924000000.0,30.0,0,1.0,1,0,0.0,1,0,1,2,0
70,300000000.0,50.0,0,0.0,1,0,0.0,0,0,1,0,0
20,12400000.0,16.0,0,0.0,1,1,0.0,1,1,0,1,0
15,180000000.0,10.0,100,0.0,1,0,0.0,0,0,1,0,0
17,10200000.0,20.0,0,0.0,0,0,0.0,1,0,0,2,0
1000,1000000000.0,25.0,50,0.0,1,0,1.0,1,0,0,1,1
65,75000000.0,5.0,0,0.0,1,0,0.0,1,1,1,3,1
6,4000000.0,10.0,0,0.0,0,1,0.0,1,0,1,3,0
5,40000000.0,10.0,0,0.0,1,1,0.0,1,0,1,4,0
8,10000000.0,20.0,0,0.0,1,0,0.0,1,1,1,4,0
6,28000000.0,15.0,0,0.0,0,0,0.0,1,0,0,1,0
425,6000000000.0,38.0,0,0.0,1,0,1.0,1,1,0,0,0
35,900000000.0,10.0,0,0.0,1,0,0.0,1,0,1,2,0
15,90000000.0,30.0,0,0.0,1,0,0.0,1,0,0,2,0
13,13000000.0,22.0,0,0.0,1,0,0.0,0,0,1,2,0
180,360000000.0,25.0,0,1.0,1,0,0.0,1,1,1,0,1
3,160087540.0,25.0,0,1.0,1,1,0.0,1,1,1,1,0
3,12000000.0,7.0,0,1.0,1,1,1.0,1,0,1,2,0
10,15900000.0,36.0,80,1.0,1,0,0.0,1,0,1,1,0
120,50000000.0,30.0,0,0.0,0,0,0.0,1,0,1,3,0
90,120000000.0,10.0,0,0.0,1,0,0.0,0,1,1,1,0
8,4500000.0,25.0,0,1.0,0,1,0.0,1,1,1,1,0
80,300000000.0,12.0,0,1.0,1,0,1.0,1,1,0,1,0
48,540000000.0,20.0,0,1.0,1,0,0.0,0,1,1,2,0
20,32000000.0,27.0,100,0.0,1,0,0.0,1,0,1,4,0
4,20000000.0,20.0,0,1.0,1,0,0.0,1,0,0,1,0
253,210000000.0,17.0,0,0.0,1,0,0.0,1,1,1,2,1
10,30500000.0,10.0,0,0.0,0,0,0.0,1,0,1,0,0
5,15000000.0,15.0,0,0.0,1,0,0.0,1,0,1,4,0
7,108000000.0,15.0,0,0.0,0,0,0.0,0,0,0,1,0
5,3000000.0,10.0,0,0.0,0,0,0.0,1,0,1,1,0
37,500000000.0,18.0,0,0.0,1,0,0.0,1,0,1,2,1
6,6480000.0,10.0,0,0.0,1,1,0.0,0,1,0,1,0
30,960000000.0,32.0,0,1.0,1,0,0.0,1,0,0,1,0
700,2000000000.0,20.0,0,0.0,1,0,0.0,1,0,1,1,1
31,500000000.0,20.0,0,0.0,1,0,0.0,0,0,1,0,1
3,10000000.0,25.0,0,1.0,1,0,0.0,1,0,0,2,0
53,100000000.0,30.0,0,0.0,1,0,1.0,1,0,0,0,1
30,13358080.0,29.0,0,0.0,1,0,0.0,1,0,1,1,0
54,29160000.0,8.0,0,0.0,1,1,0.0,0,0,0,1,0
40,850000000.0,33.0,0,1.0,1,1,0.0,1,1,1,3,0
8,36000000.0,31.0,0,0.0,0,0,0.0,1,0,0,3,0
21,41000000.0,15.0,0,0.0,1,1,0.0,1,0,1,2,0
12,50000000.0,25.0,0,0.0,0,0,0.0,1,0,1,2,0
32,30240000.0,10.0,0,0.0,1,1,0.0,0,1,0,0,0
11,27000000.0,37.0,0,0.0,1,0,0.0,1,0,0,0,0
50,200000000.0,18.0,0,0.0,1,0,0.0,1,0,1,4,0
13,6000000.0,15.0,0,0.0,1,0,0.0,1,0,1,4,0
15,60000000.0,5.0,0,1.0,1,0,0.0,1,1,1,2,1
5,8000000.0,10.0,0,1.0,1,1,0.0,1,0,0,3,0
5,55000000.0,29.0,0,0.0,1,0,0.0,1,0,0,4,1
6,10000000.0,10.0,0,0.0,1,0,0.0,1,0,0,2,0
7,5000000.0,26.0,0,0.0,1,0,0.0,1,0,1,4,1
13,10200000.0,30.0,0,0.0,0,0,0.0,0,0,0,2,0
21,11340000.0,8.0,0,0.0,1,0,0.0,0,1,0,0,0
2,37000000.0,41.0,0,0.0,0,0,0.0,1,0,0,3,0
200,4000000000.0,15.0,0,1.0,0,1,0.0,1,0,0,2,0
25,250000000.0,35.0,0,1.0,1,1,1.0,1,1,1,4,1
56,3600000000.0,12.0,0,0.0,1,1,0.0,0,1,0,1,0
12,140684400.0,25.0,0,0.0,1,0,0.0,1,0,1,1,0
11,2000000.0,5.0,0,0.0,0,0,0.0,1,0,0,1,0
48,750000000.0,31.0,0,1.0,1,0,1.0,0,1,1,3,0
50,19000000.0,20.0,0,1.0,1,1,0.0,1,0,1,0,0
50,10000000.0,18.0,0,0.0,1,0,0.0,1,0,1,1,0
5,4475760.0,35.0,0,0.0,1,0,0.0,1,0,0,2,0
13,11545000.0,24.0,0,1.0,1,0,0.0,0,1,1,1,1
54,112689000.0,35.0,20,0.0,1,0,1.0,0,1,1,1,0
32,700000000.0,34.0,0,1.0,1,0,0.0,0,0,0,0,0
70,500000000.0,30.0,0,1.0,1,0,0.0,1,1,0,2,0
5,80500000.0,10.0,0,0.0,1,1,0.0,1,0,1,3,0
42,250000000.0,20.0,0,0.0,1,0,1.0,1,1,0,0,0
6,7600000.0,15.0,0,1.0,0,0,0.0,1,0,1,2,0
91,32500000.0,13.0,0,0.0,1,1,0.0,0,1,0,0,0
70,50000000.0,15.0,0,0.0,0,0,0.0,0,0,1,1,0
7,180000000.0,9.0,0,1.0,0,0,0.0,1,0,1,2,0
8,8000000.0,15.0,0,0.0,0,0,0.0,1,1,0,1,0
110,1200000000.0,10.0,0,0.0,1,0,0.0,0,0,1,2,0
17,131500000.0,20.0,0,0.0,1,0,0.0,1,1,0,2,0
70,10000000.0,20.0,0,0.0,1,0,0.0,0,1,1,2,0
15,300000000.0,15.0,0,0.0,1,1,0.0,1,1,1,2,0
34,32640000.0,8.0,0,0.0,1,1,0.0,0,0,0,1,0
15,3000000.0,10.0,0,0.0,1,0,0.0,1,0,1,2,0
10,380000000.0,28.0,0,1.0,1,0,0.0,1,0,0,3,0
130,985000000.0,27.0,0,1.0,1,0,1.0,1,0,0,4,1
348,1400000000.0,13.0,0,1.0,0,1,1.0,1,1,1,3,1
400,1300000000.0,20.0,0,0.0,1,0,1.0,1,0,0,1,1
8,4500000.0,20.0,0,0.0,0,1,0.0,1,0,1,3,0
24,17460000.0,22.0,0,0.0,1,0,0.0,1,0,1,4,0
350,8000000000.0,30.0,0,1.0,1,0,0.0,1,1,1,4,0
9983,25000000000.0,22.0,0,0.0,0,0,0.0,1,1,0,3,1
31,100000000.0,20.0,0,0.0,1,0,0.0,1,0,1,4,0
26,80000000.0,17.0,0,1.0,1,0,0.0,1,1,1,2,0
40,100000000.0,19.0,55,1.0,1,1,1.0,0,1,1,1,1
48,23040000.0,12.0,0,0.0,1,1,0.0,0,1,0,0,0
50,100000000.0,18.0,0,0.0,0,0,0.0,1,0,0,2,0
18,1440000.0,20.0,0,0.0,0,0,0.0,0,1,0,3,0
8,12000000.0,36.0,0,0.0,0,0,0.0,1,0,0,1,0
110,1500000000.0,26.0,0,0.0,1,0,0.0,1,0,1,3,0
39,600000000.0,35.0,0,0.0,1,0,0.0,1,1,1,2,0
50,6000000.0,25.0,90,0.0,1,0,0.0,0,1,0,4,1
1,14400000.0,5.0,100,0.0,0,0,0.0,0,0,0,0,0
28,200000000.0,14.0,0,1.0,1,0,0.0,1,1,0,1,0
40,70000000.0,16.0,0,1.0,1,1,0.0,1,1,1,0,1
32,18650880.0,29.0,0,0.0,1,0,0.0,1,0,1,1,0
1033,300000000.0,50.0,0,0.0,0,1,0.0,1,1,1,0,1
1,800000.0,30.0,0,0.0,0,0,0.0,1,0,0,2,0
10,50000000.0,41.0,0,0.0,0,1,0.0,1,0,0,2,0
22,50000000.0,2.0,0,1.0,0,1,0.0,1,0,0,4,0
16,100000000.0,15.0,0,0.0,1,0,0.0,1,0,1,2,0
8,5000000.0,10.0,0,0.0,0,0,0.0,1,0,1,3,0
200,1000000000.0,40.0,0,0.0,1,0,1.0,1,0,0,0,0
8,70425674.0,30.0,0,0.0,0,0,0.0,1,1,1,1,0
110,800000000.0,10.0,0,1.0,1,0,0.0,0,1,1,2,0
5,900000.0,20.0,0,0.0,0,0,0.0,1,0,0,1,0
30,100000000.0,15.0,0,0.0,1,0,0.0,1,0,1,2,0
14,120000000.0,6.0,0,0.0,1,0,1.0,1,1,0,1,0
32,5500000.0,8.0,0,0.0,0,0,0.0,1,0,1,2,0
33,45000000.0,30.0,0,1.0,1,0,0.0,1,1,0,4,0
58,384000000.0,13.0,0,0.0,1,1,0.0,1,1,0,1,0
30,598870435.0,22.0,0,1.0,1,0,0.0,1,1,1,2,0
27,100000000.0,15.0,0,0.0,1,0,0.0,1,0,1,3,0
6,18000000.0,15.0,0,0.0,0,0,0.0,1,0,1,4,0
8,75000000.0,25.0,0,0.0,0,0,0.0,1,0,1,3,0
12,20000000.0,30.0,0,0.0,0,1,0.0,1,1,0,3,0
5,1000000.0,10.0,0,1.0,0,0,0.0,1,0,0,4,0
4,24000000.0,15.0,0,1.0,1,0,0.0,1,1,0,0,0
10,80000000.0,20.0,0,0.0,1,0,0.0,1,0,0,0,0
148,1000000000.0,25.0,0,0.0,0,0,1.0,0,1,1,4,0
14,74106587.0,30.0,0,0.0,0,1,0.0,1,0,1,2,0
12,500000000.0,30.0,0,0.0,1,0,0.0,1,0,1,4,0
400,1700000000.0,30.0,0,0.0,0,0,0.0,1,1,0,1,0
25,420000000.0,3.0,0,0.0,1,0,0.0,0,1,1,0,0
6,20000000.0,3.0,0,0.0,1,0,0.0,1,0,1,4,0
30,100000000.0,30.0,0,1.0,1,0,0.0,1,0,0,2,0
12,68000000.0,30.0,0,0.0,0,0,0.0,1,0,1,3,0
6,48000000.0,2.0,0,0.0,0,1,0.0,0,1,0,0,0
33,80500000.0,30.0,0,0.0,1,0,0.0,1,0,1,2,0
7,29000000.0,40.0,0,0.0,1,0,1.0,1,0,1,2,1
6,7200000.0,24.0,0,0.0,0,0,0.0,1,0,0,0,0
54,100000000.0,39.0,0,1.0,1,0,0.0,1,1,1,0,0
230,950000000.0,30.0,50,1.0,1,0,1.0,1,1,0,1,0
200,30000000.0,30.0,0,1.0,1,0,1.0,1,1,1,3,1
21,100000000.0,20.0,0,0.0,1,0,0.0,0,0,1,0,0
199,352800000.0,15.0,0,0.0,1,1,0.0,0,0,0,1,0
11,72000000.0,9.0,0,1.0,1,1,0.0,1,0,0,1,0
8,2200000.0,35.0,0,1.0,0,0,0.0,1,0,0,4,0
37,10000000.0,5.0,50,0.0,1,0,0.0,1,1,0,4,0
22,50000000.0,25.0,0,0.0,0,0,0.0,1,0,0,0,0
15,38754100.0,20.0,0,1.0,1,0,0.0,1,0,0,4,0
5,27000000.0,35.0,0,1.0,1,0,1.0,1,0,1,3,0
390,900000000.0,27.0,0,1.0,1,0,1.0,0,0,1,1,1
6,9440000.0,20.0,0,1.0,0,0,0.0,1,0,0,3,0
15,1200000000.0,20.0,70,0.0,1,0,1.0,1,0,0,2,1
8,6480286.0,8.0,0,1.0,1,1,1.0,0,1,1,0,0
240,450000000.0,20.0,0,1.0,1,1,0.0,0,1,0,2,0
70,713000000.0,20.0,0,0.0,0,0,1.0,0,1,1,4,1
10,25000000.0,14.0,0,0.0,1,0,0.0,1,0,1,2,0
15,500000000.0,25.0,0,0.0,0,0,0.0,1,0,1,2,0
260,5400000000.0,47.0,0,1.0,1,0,0.0,1,0,1,0,0
21,15000000.0,22.0,0,1.0,0,1,0.0,0,0,1,3,0
15,7000000.0,10.0,0,0.0,1,0,0.0,1,0,1,2,0
115,2000000000.0,30.0,0,0.0,0,0,0.0,1,1,1,4,0
200,550000000.0,10.0,0,0.0,1,0,1.0,0,1,1,4,1
100,210000000.0,15.0,0,0.0,1,0,0.0,1,1,0,4,0
12,14400000.0,15.0,0,0.0,1,1,0.0,0,1,0,1,0
5,80000000.0,25.0,0,0.0,0,1,0.0,1,0,1,4,0
13,800000000.0,9.0,0,0.0,1,1,0.0,0,1,1,3,0
7,29540800.0,14.0,0,0.0,0,1,0.0,1,0,0,2,0
25,72500000.0,25.0,0,0.0,1,0,0.0,1,0,0,3,0
20,107556600.0,16.0,0,0.0,1,0,0.0,0,1,0,2,0
45,75600000.0,7.0,0,0.0,1,1,0.0,0,0,0,1,0
200,700000000.0,12.0,0,0.0,1,0,0.0,1,0,0,2,1
61,300000000.0,30.0,0,1.0,1,1,0.0,1,0,1,1,0
16,8000000.0,15.0,0,1.0,0,1,0.0,1,0,0,2,0
27,38880000.0,12.0,0,0.0,1,1,0.0,0,1,0,1,0
55,25250000.0,15.0,0,1.0,1,1,0.0,0,0,1,3,0
16,3000000.0,5.0,0,0.0,0,0,0.0,0,1,0,3,0
6,8000000.0,26.0,0,0.0,0,0,0.0,1,0,0,2,0
5,5600000.0,20.0,0,0.0,0,1,0.0,1,0,0,3,0
55,59400000.0,11.0,0,0.0,1,1,0.0,0,1,0,1,0
32,12000000.0,8.0,0,0.0,1,0,0.0,1,1,1,2,0
105,700000000.0,10.0,0,0.0,1,0,0.0,0,0,1,3,0
150,950000000.0,20.0,100,1.0,1,0,1.0,1,1,0,0,1
40,400000000.0,10.0,0,0.0,1,0,0.0,1,0,1,3,0
90,1200000000.0,23.0,0,0.0,1,0,0.0,1,0,1,2,1
10,40000000.0,15.0,0,1.0,1,0,0.0,1,1,0,2,0
8,8400000.0,5.0,0,0.0,1,1,0.0,0,0,0,1,0
10,30000000.0,14.0,0,0.0,1,0,0.0,0,0,1,2,1
80,300000000.0,15.0,20,0.0,1,0,0.0,0,0,1,2,0
24,110900000.0,13.0,0,1.0,1,0,0.0,0,1,1,2,0
13,60000000.0,20.0,0,0.0,1,0,0.0,1,1,1,2,0
5,10470300.0,25.0,0,1.0,1,0,0.0,1,1,0,4,0
358,80000000.0,49.0,0,0.0,1,0,0.0,1,1,1,3,0
40,500000000.0,30.0,0,1.0,1,0,1.0,1,0,0,4,0
15,12500000.0,11.0,0,0.0,1,0,1.0,1,0,0,1,0
34,35000000.0,22.0,0,1.0,1,0,0.0,1,1,1,3,0
20,9000000.0,20.0,0,0.0,1,0,0.0,1,1,1,2,0
180,4170000000.0,15.0,0,0.0,1,1,0.0,0,1,0,0,1
6,20000000.0,16.0,0,0.0,1,0,0.0,1,0,1,3,0
79,122000000.0,15.0,0,0.0,0,1,0.0,1,0,1,1,0
20,10000000.0,17.0,0,1.0,0,0,0.0,0,0,0,4,0
121,130680000.0,8.0,0,0.0,0,1,0.0,0,0,0,1,0
120,900000000.0,20.0,50,0.0,1,0,1.0,1,1,1,4,1
5,30470500.0,5.0,0,1.0,1,1,0.0,1,0,1,3,0
160,6000000000.0,36.0,0,1.0,1,1,0.0,1,0,1,2,0
4,3500700.0,25.0,0,0.0,1,0,0.0,1,0,1,2,0
7,6000000.0,20.0,0,0.0,1,1,0.0,1,0,1,4,0
3,1200000.0,7.0,0,0.0,1,0,0.0,1,0,0,1,0
5,6000000.0,6.0,0,0.0,1,1,0.0,1,1,0,1,0
20,9111560.0,41.0,0,0.0,1,0,0.0,1,0,1,0,0
48,69120000.0,2.0,0,0.0,1,1,0.0,0,1,0,2,0
8,4320000.0,10.0,0,0.0,1,0,0.0,0,0,0,1,0
52,124000000.0,32.0,0,0.0,1,0,0.0,1,1,0,3,0
5,32000000.0,10.0,0,0.0,1,0,1.0,1,0,1,3,0
19,700000000.0,28.0,0,0.0,1,0,1.0,1,0,1,0,0
25,100000000.0,15.0,100,0.0,1,0,1.0,1,0,1,2,0
7,17600000.0,7.0,0,1.0,1,0,0.0,1,0,1,2,0
25,100000000.0,30.0,0,0.0,0,0,0.0,1,0,1,4,0
82,480000000.0,7.0,0,0.0,1,0,0.0,0,1,0,3,0
16,37540000.0,30.0,0,0.0,1,0,0.0,1,0,1,2,0
54,78000000.0,13.0,0,1.0,1,0,0.0,1,0,0,2,0
90,250000000.0,10.0,0,1.0,1,0,0.0,1,0,1,4,0
28,300000000.0,31.0,0,0.0,1,0,1.0,1,0,0,2,0
1136,6000000000.0,49.0,0,1.0,1,0,0.0,0,1,0,3,1
7,60000000.0,35.0,0,1.0,1,0,1.0,1,0,1,3,0
20,324559000.0,20.0,100,0.0,1,0,1.0,1,0,0,1,0
4,4590000.0,5.0,0,0.0,1,1,0.0,1,1,1,1,0
40,3079500000.0,15.0,0,1.0,1,0,0.0,1,0,0,1,0
30,67500000.0,15.0,0,1.0,1,0,0.0,1,1,1,1,0
23,6500000.0,20.0,0,0.0,1,1,0.0,1,1,0,0,0
5,4200000.0,20.0,0,0.0,1,0,0.0,1,0,1,2,0
12,40000000.0,40.0,0,0.0,1,0,0.0,1,0,1,2,0
5,3000000.0,15.0,0,0.0,0,0,0.0,1,1,0,0,0
3,5000000.0,20.0,0,0.0,0,0,0.0,1,0,0,3,0
18,25600000.0,20.0,0,0.0,1,0,0.0,1,0,1,2,0
15,320000000.0,15.0,100,0.0,1,1,1.0,1,0,0,0,0
20,120000000.0,7.0,0,1.0,1,0,1.0,1,1,0,1,1
40,150000000.0,19.0,0,0.0,1,0,0.0,1,0,1,4,1
23,16560000.0,14.0,0,0.0,1,0,0.0,1,0,0,1,0
7,30000000.0,12.0,0,0.0,1,0,0.0,1,0,1,4,0
25,300000000.0,25.0,0,0.0,1,0,0.0,1,0,1,3,1
10,12000000.0,30.0,0,0.0,0,0,0.0,1,0,0,3,0
80,4000000000.0,5.0,0,1.0,0,1,1.0,1,0,0,3,0
190,422000000.0,30.0,0,1.0,1,0,0.0,0,1,0,3,0
15,20000000.0,25.0,0,0.0,1,0,0.0,1,0,0,1,0
20,10800000.0,40.0,0,0.0,0,0,0.0,1,1,1,1,0
210,430000000.0,35.0,0,0.0,1,0,1.0,0,1,1,3,0
5,15000000.0,69.0,0,0.0,1,0,0.0,1,0,1,3,1
5,50000000.0,10.0,0,0.0,1,0,0.0,1,1,0,4,0
5,1000000.0,20.0,0,0.0,0,0,1.0,1,0,0,4,0
5,4000000.0,40.0,0,0.0,0,0,0.0,1,0,0,2,0
30,36700000.0,25.0,0,1.0,1,1,1.0,1,0,1,2,0
15,31580000.0,29.0,0,0.0,1,0,0.0,0,1,0,3,0
2,10000000.0,40.0,0,0.0,0,0,0.0,1,0,1,3,0
125,28563669.0,21.0,0,0.0,1,0,0.0,1,0,1,1,0
20,60000000.0,10.0,0,0.0,1,0,0.0,0,0,1,0,0
6,4000000.0,3.0,0,0.0,0,1,0.0,1,0,1,0,0
7,70000040.0,35.0,0,0.0,1,0,0.0,1,1,0,3,0
90,109080000.0,12.0,0,0.0,1,1,0.0,0,1,0,1,0
52,50000000.0,25.0,0,0.0,1,1,0.0,1,0,1,1,0
7,12000000.0,40.0,0,1.0,1,1,0.0,1,0,1,4,0
3,5400000.0,17.0,0,0.0,1,1,0.0,1,0,1,3,0
100,1400000000.0,27.0,0,0.0,1,1,1.0,1,1,1,4,0
7,2500000.0,40.0,0,0.0,0,0,0.0,1,0,1,2,0
103,1100000000.0,30.0,0,1.0,1,0,0.0,1,0,1,1,0
5,36900000.0,25.0,0,0.0,1,0,0.0,1,1,0,1,1
12,7000000.0,10.0,0,1.0,1,0,1.0,1,1,1,0,0
25,200000000.0,10.0,0,0.0,1,0,0.0,1,0,1,3,0
19,200000000.0,45.0,40,0.0,1,0,0.0,1,1,0,4,0
25,70000000.0,8.0,0,0.0,1,0,0.0,1,0,1,0,0
100,275600000.0,20.0,0,1.0,1,0,0.0,0,1,1,2,0
20,4000000.0,12.0,0,1.0,1,0,0.0,1,1,1,0,0
70,3000000.0,5.0,0,0.0,0,0,0.0,1,0,0,2,0
125,92100000.0,8.0,0,0.0,1,1,0.0,0,0,0,1,0
10,12600000.0,10.0,0,0.0,1,0,0.0,1,0,1,1,0
21,150000000.0,31.0,0,0.0,1,0,0.0,1,1,1,3,0
12,12830900.0,15.0,0,1.0,1,1,0.0,1,0,1,4,0
36,385000000.0,21.0,0,1.0,1,1,1.0,1,1,1,3,1
3,690000.0,6.0,0,0.0,0,0,0.0,1,0,0,4,0
10,4300500.0,25.0,0,0.0,1,0,0.0,1,0,0,2,0
780,2500000000.0,18.0,0,0.0,1,0,1.0,1,1,0,1,0
6,5230000.0,11.0,0,0.0,0,0,0.0,1,0,1,4,0
10,14000000.0,10.0,0,0.0,0,0,0.0,1,0,1,3,0
11,12000000.0,30.0,0,1.0,0,1,0.0,1,1,0,2,0
66,780000000.0,31.0,0,1.0,1,0,0.0,1,1,1,1,0
45,14000000.0,24.0,0,0.0,1,0,0.0,1,0,0,3,0
5,720000.0,10.0,0,1.0,0,1,0.0,1,0,0,1,0
5,60000000.0,40.0,0,0.0,1,1,0.0,1,0,0,1,0
15,20756000.0,25.0,0,0.0,0,0,0.0,0,1,0,4,0
6,6000000.0,30.0,0,0.0,1,0,0.0,1,0,0,4,0
96,3200000000.0,15.0,0,1.0,1,1,1.0,0,1,0,0,0
18,170000000.0,5.0,0,0.0,0,1,0.0,1,0,0,3,0
7,78000000.0,30.0,0,1.0,1,0,0.0,1,0,1,4,0
32,37246000.0,50.0,0,0.0,1,1,0.0,1,1,1,3,0
40,7200000.0,10.0,0,0.0,1,1,0.0,1,1,1,2,0
5,17000000.0,25.0,0,1.0,1,0,1.0,1,1,0,2,0
620,250000000.0,7.0,0,1.0,1,1,0.0,1,1,0,4,1
28,182000000.0,35.0,0,1.0,1,0,1.0,1,1,0,4,1
45,32400000.0,20.0,0,0.0,1,1,0.0,0,0,0,1,0
3,6200000.0,16.0,0,0.0,0,0,0.0,1,0,0,2,0
20,18000000.0,20.0,2,1.0,1,1,0.0,0,0,0,4,0
6,7000000.0,5.0,0,0.0,1,0,1.0,1,1,0,1,0
30,100000000.0,10.0,0,0.0,0,0,0.0,1,0,1,3,0
250,1000000000.0,25.0,100,1.0,1,0,0.0,1,1,0,0,1
8,3456000.0,25.0,0,0.0,1,1,0.0,1,0,0,1,0
60,100000000.0,30.0,0,0.0,1,0,0.0,1,0,1,1,1
120,500000000.0,5.0,0,0.0,1,1,0.0,1,0,1,2,0
30,820000000.0,20.0,0,0.0,0,1,0.0,1,0,1,4,0
80,20000000.0,25.0,0,0.0,0,0,0.0,0,1,1,3,0
80,700000000.0,18.0,0,1.0,0,0,0.0,1,0,1,3,0
85,530268400.0,20.0,0,1.0,1,0,1.0,1,0,1,1,0
4,150000500.0,29.0,0,0.0,0,0,0.0,1,0,1,0,0
9,6000000.0,20.0,0,0.0,0,0,0.0,1,0,0,3,0
100,100960000.0,20.0,0,0.0,1,0,0.0,1,1,1,2,1
78,402736665.0,40.0,0,1.0,0,0,0.0,1,1,1,3,0
16,200000000.0,15.0,0,0.0,1,0,0.0,0,0,1,2,0
12,50000000.0,15.0,0,0.0,1,0,0.0,1,1,1,3,1
8,5790000.0,21.0,0,0.0,1,1,0.0,1,0,0,1,0
12,60000000.0,20.0,0,0.0,0,1,0.0,1,0,0,3,0
75,980000000.0,21.0,0,0.0,1,0,0.0,1,1,0,2,0
12,350000000.0,25.0,0,0.0,1,0,0.0,1,1,1,4,1
5,5000000.0,20.0,0,0.0,1,0,0.0,1,0,0,1,0
220,10000000000.0,16.0,0,1.0,1,1,0.0,1,1,1,1,1
10,5000000.0,15.0,0,0.0,0,0,0.0,1,0,0,3,0
44,292000000.0,10.0,0,1.0,1,1,1.0,0,1,0,3,0
20,50000000.0,10.0,0,0.0,1,0,1.0,1,1,0,1,0
500,800000000.0,40.0,90,1.0,1,1,1.0,1,1,0,1,1
5,720000.0,4.0,0,0.0,0,1,0.0,1,0,0,3,0
3,3600000.0,30.0,0,0.0,0,0,0.0,1,0,0,1,0
25,100000000.0,30.0,0,0.0,1,0,0.0,1,0,1,4,0
10,52835000.0,10.0,0,0.0,0,0,0.0,1,0,1,3,0
605,6500000000.0,18.0,0,1.0,1,0,1.0,1,1,1,3,0
20,12000000.0,23.0,0,1.0,1,0,0.0,1,0,0,4,0
100,700000000.0,35.0,0,0.0,1,0,0.0,1,1,0,2,0
100,60000000.0,10.0,0,1.0,1,1,0.0,1,0,0,1,0
3,7200000.0,40.0,0,0.0,0,0,0.0,1,0,1,3,0
22,600000000.0,12.0,0,1.0,1,1,1.0,1,0,1,1,0
11,16000000.0,20.0,0,0.0,0,0,0.0,1,0,0,3,0
106,850000000.0,30.0,0,1.0,1,1,0.0,1,1,1,1,0
40,700000000.0,5.0,0,0.0,1,0,0.0,1,0,1,2,0
16,2400000.0,11.0,0,1.0,1,1,0.0,1,1,0,1,0
5,5000000.0,20.0,0,0.0,1,0,0.0,1,0,0,4,0
70,300000000.0,15.0,0,0.0,1,0,0.0,0,0,0,0,1
9,35000000.0,14.0,0,1.0,0,0,0.0,1,1,0,3,0
5,6400000.0,15.0,0,0.0,0,0,0.0,1,0,0,3,0
35,26560000.0,18.0,0,0.0,1,0,1.0,1,0,1,2,1
5,6480000.0,3.0,0,0.0,0,0,0.0,1,0,0,3,0
25,12000000.0,10.0,0,0.0,1,0,0.0,1,1,0,3,0
346,500000000.0,27.0,0,0.0,0,0,0.0,1,1,1,4,0
45,43200000.0,12.0,0,0.0,1,1,0.0,0,1,0,0,1
15,15000000.0,30.0,0,0.0,0,0,0.0,1,0,0,4,0
6,2000000.0,9.0,0,0.0,0,1,0.0,1,0,1,3,0
2,36000000.0,10.0,100,0.0,0,0,0.0,0,0,1,0,0
35,12380000.0,13.0,0,1.0,1,1,0.0,1,1,0,0,0
28,15120000.0,8.0,0,1.0,1,1,0.0,1,0,0,1,0
350,1500000000.0,20.0,100,1.0,1,0,1.0,0,1,0,1,1
60,98000000.0,25.0,0,0.0,1,0,0.0,1,1,0,2,0
5,6204000.0,30.0,0,0.0,1,0,1.0,1,0,0,1,0
8,19000000.0,17.0,0,0.0,1,0,0.0,1,0,1,2,0
32,1200000000.0,37.0,0,1.0,1,0,0.0,1,0,1,2,1
96,415000000.0,35.0,0,1.0,1,1,0.0,1,1,1,4,0
7,10400000.0,30.0,0,1.0,0,1,0.0,1,0,1,2,0
25,18000000.0,13.0,0,0.0,1,1,0.0,0,0,0,1,0
68,901734000.0,15.0,0,0.0,0,0,0.0,0,1,0,3,0
12,17280000.0,7.0,0,0.0,1,1,0.0,1,0,0,0,0
11,35000000.0,15.0,0,0.0,1,0,0.0,1,0,1,0,0
25,28981000.0,12.0,0,0.0,1,0,0.0,0,1,1,4,0
280,4000000000.0,49.0,0,1.0,1,0,0.0,1,0,1,0,0
24,250000000.0,14.0,0,0.0,0,0,0.0,1,0,1,2,0
256,368640000.0,13.0,0,0.0,1,1,0.0,1,0,0,1,0
36,600000000.0,24.0,0,0.0,0,0,0.0,1,1,1,0,0
12,18673250.0,5.0,0,0.0,0,0,0.0,1,0,1,1,0
241,1440000000.0,15.0,0,0.0,0,0,0.0,0,1,1,4,1
16,38500000.0,5.0,0,0.0,0,0,1.0,1,0,0,4,0
40,600000000.0,15.0,0,0.0,1,0,0.0,0,1,1,0,1
51,13500000.0,15.0,0,0.0,1,1,1.0,1,0,0,2,0
30,48000000.0,20.0,0,1.0,1,1,1.0,0,0,0,1,0
730,500000000.0,20.0,0,0.0,1,0,1.0,1,1,0,1,0
10,14000000.0,28.0,0,0.0,1,0,0.0,1,1,0,1,0
5,100000000.0,5.0,0,0.0,1,0,0.0,1,0,0,4,0
21,70000000.0,25.0,0,1.0,0,0,0.0,1,0,1,4,0
12,18500000.0,24.0,0,1.0,0,0,0.0,1,1,0,2,0
9,16000000.0,7.0,0,0.0,1,0,0.0,1,0,1,3,0
65,51120000.0,21.0,0,0.0,1,1,0.0,0,1,0,1,0
70,540000000.0,30.0,0,1.0,1,1,0.0,1,1,0,1,0
20,10000000.0,15.0,0,0.0,0,0,0.0,1,0,0,4,0
37,47460700.0,15.0,0,1.0,1,1,0.0,0,0,1,4,0
22,36000000.0,15.0,0,0.0,1,1,1.0,1,1,0,1,0
50,3100000000.0,20.0,0,0.0,1,0,1.0,1,1,0,1,0
7,3000000.0,15.0,0,0.0,1,1,0.0,1,0,1,1,0
10,200000000.0,40.0,0,1.0,1,0,0.0,1,0,1,3,1
25,300776980.0,20.0,0,0.0,1,1,0.0,1,1,1,1,0
18,25000000.0,20.0,25,0.0,1,0,0.0,0,1,1,0,0
12,10000200.0,20.0,0,0.0,0,1,0.0,1,0,1,4,0
2,10000000.0,37.0,0,0.0,0,0,0.0,1,1,0,3,0
215,101700000.0,10.0,0,0.0,1,0,1.0,1,0,0,4,1
7,25000000.0,3.0,0,0.0,1,0,0.0,1,0,1,3,0
800,11000000000.0,35.0,0,1.0,1,0,1.0,1,0,0,0,0
6,24000000.0,12.0,0,0.0,1,0,0.0,1,0,1,4,0
10,13000000.0,10.0,0,0.0,1,0,0.0,1,1,1,0,0
160,720000000.0,31.0,0,1.0,1,0,1.0,1,1,0,1,0
65,100000000.0,30.0,0,1.0,0,0,1.0,1,0,1,3,0
8,30000000.0,10.0,0,0.0,1,0,1.0,1,0,0,3,0
15,40000000.0,10.0,0,1.0,1,0,0.0,1,1,0,3,0
35,8000000.0,12.0,0,0.0,0,1,0.0,0,1,0,1,0
18,8500000.0,32.0,0,1.0,0,1,1.0,1,1,1,0,0
5,55000000.0,25.0,0,0.0,0,0,0.0,1,0,1,2,0
290,51000000.0,12.0,0,0.0,1,1,0.0,0,1,0,0,1
4,30000000.0,30.0,0,0.0,1,1,0.0,0,0,1,1,0
8,4320000.0,10.0,0,0.0,1,1,0.0,1,0,0,1,0
5,4800000.0,15.0,0,1.0,0,0,0.0,1,1,0,4,0
800,1600000000.0,25.0,0,0.0,1,0,0.0,1,0,1,2,1
24,24000000.0,35.0,0,0.0,1,1,0.0,1,1,1,2,0
29,84000000.0,36.0,0,0.0,0,0,0.0,1,0,1,3,0
440,70000000.0,25.0,0,0.0,1,0,0.0,1,0,0,0,0
35,7500000.0,12.0,0,0.0,1,0,0.0,1,1,0,2,0
30,17630580.0,46.0,100,1.0,1,0,1.0,1,1,1,0,1
5,7200000.0,13.0,0,0.0,1,1,0.0,1,1,0,0,0
120,500000000.0,15.0,0,0.0,1,0,0.0,1,0,1,4,1
18,15000000.0,10.0,0,0.0,0,1,1.0,1,1,1,0,0
120,600000000.0,10.0,0,1.0,0,1,1.0,0,0,1,3,0
116,100000000.0,50.0,0,0.0,0,1,0.0,0,1,1,1,1
212,339360000.0,12.0,0,0.0,1,1,0.0,0,0,0,1,0
34,150000000.0,22.0,0,0.0,1,0,1.0,1,1,0,0,1
7,36000000.0,7.0,0,0.0,1,0,0.0,0,0,1,0,0
6,550000000.0,35.0,0,0.0,0,0,0.0,1,0,1,2,1
20,12000000.0,8.0,0,0.0,1,1,0.0,0,0,0,0,0
20,50000000.0,15.0,0,0.0,1,0,0.0,1,0,1,0,0
20,5500000.0,5.0,0,1.0,0,0,0.0,1,1,0,3,0
5,12540000.0,40.0,0,1.0,0,0,0.0,1,0,1,1,0
350,1500000000.0,30.0,0,1.0,1,0,1.0,1,1,0,0,1
100,500000000.0,25.0,0,0.0,1,1,0.0,1,1,1,1,0
100,220000000.0,4.0,0,0.0,1,0,0.0,1,1,1,0,0
8,12300000.0,15.0,0,0.0,1,0,0.0,1,0,1,3,0
1,2640000.0,12.0,0,0.0,0,1,0.0,1,0,0,3,0
145,174000000.0,8.0,0,0.0,1,0,0.0,0,0,0,1,0
350,980000000.0,32.0,0,1.0,1,0,1.0,1,1,1,3,1
21,26586320.0,20.0,0,0.0,1,1,0.0,1,0,1,1,0
10,10500000.0,20.0,0,0.0,1,0,0.0,1,0,0,2,0
30,400000000.0,15.0,0,0.0,1,0,0.0,0,0,1,0,1
10,17000000.0,15.0,0,0.0,1,0,0.0,1,0,1,2,0
500,1000000000.0,25.0,0,0.0,1,0,1.0,0,1,1,3,1
18,30000000.0,30.0,0,0.0,0,0,0.0,1,0,1,4,0
475,1000000000.0,20.0,0,0.0,1,0,1.0,1,0,0,1,1
7,5000000.0,21.0,0,0.0,0,0,0.0,1,0,0,2,0
12,8640000.0,11.0,0,0.0,1,1,0.0,0,0,0,1,0
11,100127565.0,20.0,0,0.0,1,1,1.0,1,0,1,0,1
105,1400500000.0,40.0,0,1.0,1,0,0.0,1,1,0,3,0
7,9610607.0,40.0,0,1.0,1,0,0.0,1,0,0,3,0
16,96000000.0,19.0,0,0.0,0,1,0.0,1,0,1,1,0
150,800000000.0,20.0,0,0.0,1,0,1.0,1,1,0,2,1
10,2000000.0,15.0,0,0.0,0,0,0.0,1,0,0,4,0
35,40000000.0,20.0,0,0.0,1,0,0.0,1,1,0,1,0
75,600000000.0,45.0,0,1.0,1,0,0.0,1,1,0,2,1
17,15850000.0,15.0,0,0.0,0,1,0.0,1,1,1,1,0
84,337000000.0,38.0,0,0.0,1,0,0.0,1,1,1,3,0
7,420000000.0,20.0,0,0.0,1,1,1.0,1,0,1,1,0
62,44640000.0,12.0,0,0.0,1,1,0.0,0,1,0,0,0
35,27047000.0,12.0,0,0.0,1,0,0.0,1,1,0,1,0
120,3800068090.0,8.0,0,0.0,1,0,0.0,1,1,0,1,0
15,342707277.0,11.0,0,0.0,1,1,1.0,1,1,0,3,0
10,8000000.0,15.0,0,0.0,0,1,1.0,1,0,0,2,0
7,10000000.0,20.0,0,0.0,0,0,0.0,1,1,0,3,0
12,79000000.0,20.0,0,0.0,1,0,0.0,1,0,1,4,1
223,727000000.0,4.0,0,0.0,1,0,0.0,1,1,1,1,0
8,5000000.0,12.0,0,0.0,1,0,0.0,1,1,0,3,0
30,300000000.0,20.0,0,1.0,1,0,0.0,1,0,0,2,0
10,12600000.0,20.0,0,0.0,0,1,0.0,1,1,1,2,0
5,7500000.0,5.0,0,0.0,1,1,0.0,0,0,0,1,0
32,574148347.0,18.0,0,0.0,1,1,1.0,1,0,1,1,0
10,5000000.0,35.0,0,0.0,1,0,0.0,1,1,1,0,0
21,200000000.0,35.0,0,0.0,1,0,0.0,1,0,1,2,1
6,7200000.0,27.0,0,0.0,0,0,0.0,1,0,0,1,0
6,7580200.0,25.0,0,1.0,1,0,1.0,1,0,1,2,0
40,60000000.0,20.0,0,1.0,1,0,0.0,0,1,1,3,0
300,900000000.0,42.0,0,1.0,1,0,1.0,1,0,1,1,1
70,84000000.0,6.0,0,0.0,1,0,0.0,1,1,1,2,0
30,350000000.0,40.0,0,1.0,1,0,0.0,1,0,1,2,1
17,64081712.0,8.0,0,1.0,0,1,1.0,1,0,1,1,1
3,10000000.0,7.0,0,1.0,1,1,1.0,1,0,0,0,0
15,15000000.0,36.0,0,0.0,1,0,0.0,1,0,0,3,0
20,10752638.0,32.0,0,0.0,1,1,0.0,1,0,1,1,1
10,15000000.0,25.0,0,0.0,0,1,0.0,1,0,1,2,0
5,1000000.0,10.0,0,0.0,0,0,0.0,1,0,0,2,0
7,120000000.0,15.0,0,0.0,1,1,0.0,1,0,1,2,0
12,7000000.0,25.0,0,0.0,0,0,0.0,1,0,0,2,0
15,150000000.0,38.0,0,1.0,0,0,0.0,1,0,1,1,0
15,36000000.0,15.0,0,0.0,0,1,0.0,1,0,0,2,0
18,9920000.0,20.0,0,0.0,1,1,0.0,1,0,0,1,0
200,230000000.0,12.0,0,1.0,1,0,0.0,1,0,0,2,0
7,15000000.0,22.0,0,1.0,1,0,1.0,0,1,0,2,0
56,30000000.0,25.0,0,0.0,1,1,1.0,0,1,1,0,0
5,2400000.0,8.0,0,0.0,1,0,0.0,1,0,1,4,0
7,12000000.0,9.0,0,0.0,0,0,0.0,1,0,1,3,0
50,107000000.0,20.0,0,0.0,1,0,0.0,1,0,0,2,0
130,2500000000.0,40.0,0,1.0,0,0,0.0,1,1,0,2,0
80,80020500.0,40.0,0,0.0,1,0,0.0,1,0,0,1,0
6,20000000.0,10.0,0,0.0,0,0,0.0,1,0,1,4,0
25,285967400.0,15.0,0,0.0,1,1,0.0,1,1,0,2,0
13,67840000.0,40.0,0,0.0,0,0,0.0,1,1,1,1,0
25,480000000.0,27.0,0,1.0,0,1,0.0,1,1,1,0,1
17,19300000.0,35.0,0,1.0,0,0,0.0,0,1,1,0,1
185,228960000.0,11.0,0,0.0,1,1,0.0,0,1,0,1,0
870,1000000000.0,20.0,0,1.0,1,0,1.0,0,0,1,2,1
7,800000000.0,27.0,0,0.0,1,1,0.0,1,0,1,4,1
20,85230000.0,10.0,0,0.0,1,1,0.0,1,0,1,4,0
920,12000000000.0,25.0,0,1.0,1,0,1.0,0,1,1,2,1
60,800000000.0,23.0,0,0.0,1,0,0.0,1,0,0,2,0
6,15204240.0,40.0,0,0.0,0,1,0.0,1,0,1,1,0
6,20000000.0,36.0,0,0.0,0,0,0.0,0,1,0,4,0
22,100000000.0,20.0,0,0.0,1,0,0.0,0,0,1,3,0
5,12500000.0,12.0,0,0.0,1,0,0.0,1,1,0,2,0
10,5000000.0,20.0,0,0.0,0,0,0.0,1,0,0,4,0
10,30000000.0,30.0,0,0.0,0,0,0.0,1,0,1,4,0
18,150800000.0,5.0,0,0.0,1,0,0.0,1,0,1,4,0
110,600000000.0,30.0,0,0.0,1,0,1.0,0,0,0,3,1
100,600000000.0,30.0,0,1.0,1,1,0.0,1,1,1,1,1
70,35268580.0,50.0,0,0.0,1,0,0.0,1,0,1,1,0
248,268560000.0,26.0,0,0.0,1,1,0.0,0,1,0,1,1
8,64000000.0,27.0,50,0.0,1,0,1.0,1,0,1,4,1
28,230000000.0,12.0,0,0.0,1,0,0.0,0,0,1,2,1
12,200000000.0,10.0,0,0.0,1,0,0.0,1,0,1,3,1
212,366400000.0,30.0,100,0.0,1,0,0.0,0,0,1,2,1
105,3000000000.0,30.0,0,0.0,1,0,0.0,1,1,1,3,1
50,60000000.0,18.0,0,0.0,1,0,0.0,1,0,1,1,0
15,200000000.0,10.0,0,0.0,1,0,0.0,1,1,0,1,0
40,900000000.0,40.0,0,0.0,1,0,0.0,1,1,0,4,0
38,78000000.0,23.0,0,1.0,1,1,0.0,1,0,1,3,0
21,11340000.0,10.0,0,0.0,1,1,0.0,1,1,1,1,0
8,28000000.0,31.0,0,0.0,0,0,0.0,1,0,1,4,0
104,700000000.0,28.0,0,0.0,0,0,0.0,1,0,0,2,0
94,7000000000.0,18.0,0,0.0,1,0,0.0,1,0,1,4,1
8,20000000.0,20.0,0,0.0,1,0,0.0,1,0,1,2,0
70,900000000.0,24.0,0,0.0,0,0,0.0,1,0,0,2,0
112,60480000.0,8.0,0,1.0,1,1,0.0,0,0,0,1,0
5,3000000.0,25.0,0,0.0,0,1,0.0,1,0,0,0,0
200,2000000000.0,20.0,0,0.0,1,0,0.0,1,1,1,2,1
139,5000000000.0,25.0,0,1.0,1,0,0.0,0,1,1,3,1
15,9000000.0,5.0,0,0.0,1,0,1.0,1,0,0,2,0
27,260000000.0,10.0,0,0.0,1,0,0.0,1,1,1,1,0
50,1100000000.0,10.0,0,0.0,0,0,0.0,0,0,1,0,1
45,300000000.0,20.0,0,1.0,1,1,0.0,1,1,1,1,0
84,470000000.0,38.0,0,0.0,1,0,0.0,1,1,1,3,1
120,80000000.0,27.0,0,0.0,1,1,0.0,1,0,1,3,0
500,6000000000.0,30.0,0,0.0,0,0,0.0,1,0,0,2,0
21,8652630.0,24.0,0,0.0,1,0,0.0,1,0,0,2,0
10,15000000.0,27.0,0,0.0,0,0,0.0,0,0,1,3,0
10,60000000.0,50.0,0,0.0,1,1,0.0,1,1,0,2,0
2,1000000.0,19.0,0,0.0,1,0,0.0,1,0,1,4,0
502,451800000.0,35.0,0,0.0,1,1,0.0,0,0,0,1,0
25,226800000.0,20.0,100,0.0,1,0,0.0,0,0,0,0,0
10,2000000.0,20.0,0,0.0,1,0,0.0,1,1,0,3,0
200,540000000.0,28.0,0,0.0,0,0,0.0,1,1,0,0,0
7,3500000.0,21.0,0,1.0,0,1,0.0,1,0,1,4,0
105,597000000.0,10.0,0,0.0,1,0,0.0,0,0,1,2,1
25,15000000.0,20.0,0,0.0,1,0,0.0,1,1,0,4,0
19,14000000.0,27.0,0,0.0,1,0,0.0,1,0,1,0,0
16,60000000.0,20.0,0,1.0,1,0,0.0,1,0,0,0,0
5,4200000.0,10.0,0,0.0,1,1,0.0,1,1,0,0,0
20,38400000.0,20.0,100,0.0,1,1,0.0,1,0,1,2,0
10,80000000.0,30.0,0,0.0,0,1,0.0,1,0,1,2,0
8,2800000.0,4.0,0,1.0,1,0,0.0,1,0,0,0,0
7,2500000.0,5.0,0,1.0,1,0,1.0,1,1,0,4,0
12,10000000.0,8.0,0,0.0,1,0,0.0,1,1,1,2,0
22,3500000.0,8.0,0,0.0,1,0,0.0,1,0,0,3,0
20,1000000.0,7.0,0,0.0,1,0,0.0,1,0,1,3,0
15,40000000.0,15.0,0,0.0,1,0,0.0,1,0,1,2,0
15,30000000.0,33.0,0,0.0,1,0,0.0,1,0,1,3,1
85,326800000.0,12.0,50,0.0,1,1,0.0,0,1,1,0,0
30,200000000.0,7.0,0,0.0,1,1,0.0,1,1,1,2,1
5,10000000.0,10.0,0,0.0,1,0,0.0,1,0,0,4,0
19,100000000.0,40.0,0,0.0,0,1,0.0,0,0,1,3,0
250,3000000000.0,15.0,0,1.0,1,0,1.0,0,0,0,1,1
9,5000000.0,25.0,0,0.0,0,1,0.0,1,0,1,2,0
48,12420000.0,8.0,0,0.0,1,1,0.0,0,0,0,1,0
14,70000000.0,20.0,0,0.0,1,0,1.0,1,1,1,3,0
6,38000000.0,18.0,0,1.0,1,0,1.0,1,0,1,2,0
15,10000000.0,20.0,0,1.0,0,1,0.0,1,0,1,4,0
20,36000000.0,15.0,0,0.0,0,0,0.0,1,1,0,0,0
60,62400000.0,13.0,0,0.0,1,1,0.0,0,1,1,0,0
10,30000000.0,8.0,0,0.0,0,0,0.0,1,0,1,4,0
100,1200000000.0,15.0,0,0.0,1,0,0.0,0,0,1,3,0
30,14500000.0,34.0,0,0.0,1,1,0.0,1,1,1,3,0
56,86016000.0,7.0,0,0.0,1,1,0.0,0,0,0,1,0
23,16560000.0,9.0,0,0.0,1,1,0.0,1,0,0,1,0
8,52000000.0,20.0,0,1.0,1,1,1.0,0,1,1,1,0
10,30870000.0,23.0,0,0.0,1,0,0.0,1,0,0,4,1
155,460400000.0,30.0,0,0.0,0,0,0.0,0,0,1,3,1
7,850000000.0,18.0,0,0.0,0,0,0.0,1,0,0,2,0
16,16000000.0,45.0,0,1.0,0,0,0.0,1,0,0,2,0
189,80000000.0,10.0,0,0.0,1,0,0.0,0,0,1,3,0
14,1500000.0,22.0,0,0.0,0,0,0.0,1,0,0,3,0
87,500000000.0,40.0,0,1.0,1,0,0.0,1,0,1,2,1
8,7200000.0,15.0,0,0.0,1,1,0.0,0,0,0,1,0
52,74880000.0,12.0,0,0.0,1,0,0.0,0,0,0,1,0
800,1400000000.0,26.0,0,0.0,1,0,0.0,1,0,1,2,1
80,600000000.0,30.0,0,0.0,1,0,0.0,1,0,1,2,0
202,1400000000.0,26.0,0,1.0,1,0,0.0,0,1,0,3,1
10,50000000.0,15.0,0,0.0,1,0,0.0,1,0,1,2,0
42,200000000.0,20.0,0,0.0,1,0,0.0,0,1,1,2,1
11,216000000.0,16.0,0,1.0,1,0,0.0,1,0,1,2,1
750,57000000000.0,30.0,0,1.0,1,0,1.0,0,1,0,1,1
11,10000000.0,25.0,0,1.0,1,1,0.0,1,0,1,3,0
175,252000000.0,6.0,0,0.0,1,1,0.0,1,0,0,1,0
33,45500000.0,12.0,0,0.0,0,1,0.0,0,1,0,1,0
12,900000000.0,25.0,0,0.0,1,1,1.0,1,0,1,3,0
500,1500000000.0,20.0,0,1.0,1,1,1.0,1,1,1,0,1
45,119000000.0,30.0,0,0.0,0,0,0.0,1,0,0,1,0
53,50000000.0,9.0,0,1.0,1,0,0.0,0,0,1,0,0
245,340000000.0,18.0,0,0.0,1,0,0.0,0,1,0,0,1
12,8640000.0,6.0,0,0.0,1,1,0.0,0,0,0,1,0
178,800000000.0,16.0,0,0.0,1,0,0.0,1,1,1,4,0
15,8000000.0,35.0,0,0.0,0,0,0.0,1,1,0,1,0
6,2192361.0,5.0,0,1.0,1,0,0.0,1,0,0,4,0
13,9000000.0,15.0,0,0.0,0,1,0.0,1,0,1,2,0
28,10000000.0,4.0,0,1.0,0,1,0.0,0,1,0,2,0
13,2000000.0,25.0,0,0.0,1,0,0.0,0,0,1,1,0
23,60000000.0,20.0,0,0.0,0,0,0.0,1,0,0,3,0
14,50000000.0,30.0,0,0.0,1,0,1.0,0,1,1,2,0
120,100856300.0,35.0,0,1.0,1,0,1.0,1,1,1,1,0
63,550000000.0,26.0,0,1.0,1,1,1.0,1,0,1,2,0
60,450000000.0,20.0,0,0.0,1,0,0.0,1,0,1,2,0
3,500000.0,30.0,0,1.0,0,0,0.0,1,0,0,4,0
140,71280000.0,3.0,0,0.0,1,1,0.0,1,0,0,1,0
10,10896000.0,6.0,0,0.0,0,0,1.0,1,0,1,2,0
165,2000000000.0,20.0,0,1.0,0,0,0.0,1,1,0,1,1
9,1800000.0,12.0,0,0.0,0,0,0.0,1,0,0,1,0
20,70000000.0,15.0,0,0.0,1,0,0.0,1,1,0,0,0
5,5000000.0,10.0,0,0.0,0,1,0.0,1,0,0,1,0
8,50000000.0,7.0,0,0.0,1,0,0.0,1,0,1,3,0
15,300000000.0,8.0,0,1.0,1,1,0.0,1,1,1,2,0
10,6530000.0,11.0,0,0.0,1,0,0.0,1,0,0,3,0
56,99456000.0,12.0,0,0.0,1,0,0.0,0,0,0,1,0
14,130000000.0,35.0,0,0.0,0,0,0.0,1,1,0,2,0
24,220000000.0,6.0,0,1.0,0,1,0.0,1,0,1,2,0
54,500000000.0,13.0,0,0.0,1,0,0.0,1,1,1,3,0
25,300000000.0,21.0,0,0.0,1,0,0.0,1,1,1,3,0
92,96000000.0,35.0,0,1.0,1,1,0.0,1,1,0,2,0
57,56000000.0,20.0,0,1.0,1,0,0.0,1,0,0,1,0
225,378000000.0,14.0,0,0.0,1,1,0.0,0,0,0,1,0
87,118400000.0,30.0,0,0.0,1,1,0.0,1,0,1,2,1
5,9600000.0,10.0,0,0.0,1,1,0.0,0,0,0,1,0
8,9600000.0,5.0,0,0.0,1,1,0.0,0,0,0,1,0
29,20880000.0,8.0,0,0.0,1,1,0.0,0,0,0,1,0
48,4000000.0,15.0,0,0.0,1,1,0.0,0,1,0,1,0
550,3000000000.0,42.0,0,1.0,1,1,0.0,1,1,0,3,0
300,850000000.0,50.0,40,0.0,1,1,0.0,1,1,0,2,0
21,25000000.0,34.0,0,0.0,1,0,0.0,1,0,1,3,0
5,6000000.0,18.0,0,1.0,1,1,0.0,1,0,1,2,0
20,30000000.0,15.0,0,1.0,1,1,1.0,1,1,1,2,0
100,3000000000.0,20.0,0,1.0,1,1,1.0,0,1,0,2,0
145,780000000.0,4.0,0,1.0,0,0,1.0,0,1,0,2,0
2,2000000.0,10.0,0,0.0,0,0,0.0,1,0,0,3,0
5,27684600.0,13.0,0,0.0,0,0,0.0,1,0,0,3,0
120,700000000.0,26.0,0,1.0,1,0,1.0,1,1,1,4,0
8,5000000.0,20.0,0,0.0,1,0,0.0,1,0,0,4,0
11,12000000.0,20.0,0,0.0,1,0,0.0,1,0,0,4,0
5,30000000.0,5.0,0,0.0,0,0,0.0,1,0,1,4,0
10,15000000.0,20.0,0,0.0,0,0,0.0,1,1,0,3,0
20,25000000.0,15.0,0,1.0,1,1,0.0,1,1,1,3,0
6,5000000.0,12.0,0,0.0,1,1,0.0,0,0,0,0,0
7,30000000.0,4.0,0,0.0,0,1,0.0,1,0,1,0,0
3,5500000.0,30.0,0,0.0,0,1,0.0,0,0,1,2,0
20,100000000.0,10.0,0,0.0,0,1,0.0,1,0,1,3,1
25,614612000.0,18.0,0,0.0,1,0,0.0,0,1,1,0,1
14,63000000.0,25.0,0,0.0,1,0,0.0,1,1,0,2,0
10,2500000.0,10.0,0,0.0,0,0,0.0,0,1,0,2,0
32,14000000.0,20.0,0,0.0,1,1,0.0,1,1,1,1,0
40,1300000000.0,8.0,0,1.0,0,1,0.0,1,1,1,1,0
45,700000000.0,18.0,0,0.0,1,0,1.0,1,1,1,0,0
8,15000000.0,10.0,0,0.0,1,0,0.0,1,0,0,4,1
12,6000000.0,10.0,0,1.0,0,0,0.0,1,0,0,4,0
25,700000000.0,38.0,0,0.0,1,0,1.0,1,0,1,3,0
17,37000000.0,15.0,0,0.0,0,0,0.0,1,0,0,2,0
70,180000000.0,25.0,0,1.0,1,1,0.0,0,1,1,3,0
52,87360000.0,11.0,0,0.0,1,1,0.0,0,0,0,1,0
30,500000000.0,46.0,0,1.0,1,0,1.0,1,1,1,0,1
16,150000000.0,20.0,0,0.0,0,0,0.0,1,0,1,3,0
8,12400000.0,30.0,0,0.0,0,0,0.0,1,0,1,1,0
150,3000000000.0,30.0,0,0.0,1,1,0.0,1,0,1,0,0
22,5040500.0,40.0,0,0.0,1,0,0.0,1,0,1,2,0
8,9600000.0,13.0,0,1.0,1,1,0.0,1,0,1,4,0
5,2000000.0,7.0,0,0.0,0,0,0.0,1,0,0,4,0
40,400000000.0,7.0,0,0.0,1,0,0.0,1,0,1,2,0
5,15000000.0,25.0,0,0.0,1,0,0.0,1,0,0,0,0
53,72000000.0,20.0,0,1.0,1,0,0.0,0,1,1,2,0
25,150000000.0,16.0,0,0.0,0,0,0.0,1,0,1,0,0
20,50000000.0,16.0,0,1.0,1,1,0.0,1,1,1,0,0
73,329850000.0,30.0,0,1.0,1,1,0.0,0,1,1,1,0
37,150000000.0,30.0,0,1.0,1,0,1.0,1,0,1,0,0
90,10528640300.0,36.0,85,0.0,1,0,1.0,1,0,1,1,1
27,100000000.0,6.0,0,0.0,1,0,0.0,1,0,1,4,0
1015,39000000000.0,23.0,0,1.0,1,0,1.0,1,1,1,2,1
35,70000000.0,18.0,0,0.0,1,1,0.0,1,0,1,3,0
12,68000000.0,32.0,0,0.0,1,0,0.0,1,0,1,4,0
40,2000000000.0,23.0,0,0.0,1,1,0.0,0,0,0,2,0
10,15000000.0,40.0,0,0.0,0,0,1.0,1,0,1,1,0
35,120000000.0,20.0,0,1.0,1,0,0.0,1,1,0,0,1
4,9200000.0,20.0,0,1.0,0,1,0.0,1,0,1,2,0
8,15000000.0,8.0,0,0.0,1,0,0.0,1,0,1,3,0
203,50000000.0,6.0,0,1.0,1,1,0.0,1,1,1,2,0
5,640000000.0,10.0,0,1.0,1,0,0.0,0,0,1,1,0
25,19000000.0,10.0,0,1.0,1,0,0.0,0,1,0,1,0
238,1200000000.0,30.0,0,0.0,0,1,0.0,1,0,1,1,0
150,220000000000.0,10.0,0,0.0,1,0,0.0,1,0,1,2,0
12,15212316.0,28.0,0,0.0,0,0,0.0,1,1,0,2,0
15,7000000.0,40.0,0,0.0,1,1,0.0,1,0,1,1,1
7,13000000.0,30.0,0,0.0,1,0,0.0,1,0,1,4,0
8,36000000.0,27.0,0,1.0,1,1,0.0,1,0,0,2,0
31,600000000.0,30.0,0,0.0,1,0,0.0,1,0,1,0,1
10,130000000.0,10.0,0,0.0,1,0,0.0,1,1,1,0,1
256,4000000000.0,20.0,0,0.0,1,1,0.0,1,1,0,1,1
9,7000000.0,8.0,0,0.0,1,0,1.0,0,0,1,0,0
53,540000000.0,30.0,0,1.0,1,0,1.0,1,1,0,0,1
25,12635790.0,19.0,0,0.0,1,0,0.0,1,0,1,0,0
45,50000000.0,16.0,0,1.0,1,0,0.0,1,1,0,1,0
5,1800000.0,20.0,0,1.0,1,0,0.0,1,1,0,3,0
150,22452000.0,8.0,0,0.0,0,0,0.0,1,0,0,4,0
40,60000000.0,9.0,0,0.0,0,0,0.0,1,1,1,1,0
25,70000000.0,15.0,0,0.0,1,0,0.0,1,0,1,2,0
73,198000000.0,30.0,0,0.0,1,0,1.0,1,1,0,2,1
110,850000000.0,22.0,0,0.0,1,0,0.0,0,0,1,3,1
60,40500000.0,19.0,0,0.0,1,1,0.0,0,1,1,0,0
96,168586994.0,22.0,52,0.0,1,0,1.0,1,0,1,1,1
23,32000000.0,18.0,0,0.0,1,0,1.0,1,1,0,2,1
148,1000000000.0,15.0,0,0.0,0,0,0.0,0,1,0,4,0
6,2000000.0,6.0,0,1.0,1,0,0.0,1,0,0,3,0
22,36000000.0,11.0,0,1.0,0,0,0.0,1,0,0,3,0
7,100000000.0,15.0,50,0.0,0,1,0.0,1,0,1,2,0
1,10800000.0,15.0,0,1.0,0,1,0.0,0,0,1,1,0
12,7600000.0,20.0,0,0.0,1,0,0.0,1,0,1,3,0
40,55000000.0,20.0,0,0.0,1,0,0.0,1,1,0,0,0
120,10000000.0,29.0,0,1.0,0,1,0.0,1,0,1,2,1
15,400000000.0,16.0,0,1.0,1,1,0.0,1,0,1,4,0
16,900000000.0,26.0,0,0.0,1,0,1.0,1,1,1,4,1
10,2200000.0,25.0,0,0.0,0,0,0.0,0,0,0,1,0
9,36000000.0,21.0,0,0.0,0,0,0.0,1,0,0,4,0
362,50000000.0,5.0,10,0.0,1,0,0.0,1,1,0,3,1
70,105080000.0,17.0,0,0.0,1,0,0.0,1,1,1,2,0
7,15000000.0,10.0,0,0.0,1,0,0.0,1,0,1,2,0
160,3856922560.0,50.0,0,0.0,1,0,1.0,1,0,1,1,1
824,31000000000.0,25.0,0,1.0,1,0,1.0,1,1,1,2,1
90,1500000000.0,20.0,0,0.0,1,0,0.0,1,0,0,4,1
8,2400000.0,30.0,0,0.0,1,0,0.0,1,0,0,0,0
470,10000000000.0,26.0,0,1.0,1,0,1.0,1,0,0,3,0
12,21000000.0,35.0,0,0.0,0,0,0.0,1,0,1,2,0
45,300000000.0,26.0,0,1.0,1,1,0.0,1,1,1,2,0
6,2300000.0,18.0,0,0.0,0,1,0.0,1,0,0,3,0
12,80000000.0,40.0,0,0.0,1,0,0.0,0,1,1,2,0
23,185000000.0,8.0,0,0.0,1,0,0.0,1,0,1,2,0
250,1500000000.0,30.0,0,1.0,0,0,1.0,1,1,1,2,0
8,3000000.0,20.0,0,1.0,0,0,0.0,1,0,0,4,0
25,18635200.0,25.0,100,0.0,1,0,1.0,1,1,1,1,0
7,24000000.0,30.0,0,0.0,1,0,0.0,1,0,1,0,1
32,20000000.0,30.0,0,0.0,1,1,0.0,1,1,1,0,0
10,100000000.0,10.0,0,0.0,1,0,0.0,0,0,1,0,0
100,64800000.0,12.0,0,0.0,1,1,1.0,0,1,0,0,0
10,10000000.0,6.0,0,0.0,0,0,0.0,1,0,0,3,0
31,25800000.0,20.0,0,0.0,1,1,0.0,0,0,1,2,0
6,14000000.0,7.0,0,0.0,0,1,0.0,1,1,1,3,0
60,22800000.0,3.0,0,1.0,1,0,1.0,0,1,1,0,0
49,254000000.0,30.0,0,0.0,0,0,0.0,1,0,0,2,0
120,1000000000.0,25.0,100,1.0,1,0,0.0,0,1,1,3,0
150,1000000000.0,25.0,0,0.0,0,0,0.0,0,1,1,4,0
14,35520000.0,15.0,0,0.0,1,0,0.0,1,0,1,0,0
120,800000000.0,12.0,0,0.0,1,1,0.0,1,1,1,3,0
8,17000000.0,5.0,0,0.0,1,0,0.0,1,0,0,2,0
7,20000000.0,23.0,0,1.0,1,0,0.0,1,0,1,2,0
40,48000000.0,9.0,0,0.0,1,1,0.0,1,1,1,1,0
8,84000000.0,21.0,0,0.0,0,0,0.0,1,1,0,2,0
50,48956000.0,15.0,0,0.0,1,1,0.0,0,0,0,1,0
80,750000000.0,20.0,0,1.0,1,0,0.0,1,1,0,2,0
5,8437000.0,11.0,0,1.0,0,1,0.0,1,1,0,3,0
355,23700000000.0,21.0,35,1.0,1,0,1.0,0,1,0,1,0
12,9000000.0,5.0,0,0.0,1,0,0.0,1,0,1,0,0
15,60000000.0,30.0,0,0.0,0,0,0.0,1,0,1,1,0
1200,150000000000.0,8.0,0,0.0,1,0,0.0,1,1,1,3,1
40,500000000.0,8.0,0,0.0,1,0,0.0,1,0,1,3,0
53,4800000000.0,24.0,0,0.0,1,0,0.0,1,0,1,3,0
15,24600000.0,15.0,0,0.0,1,1,0.0,0,0,0,1,0
7,26000000.0,15.0,0,1.0,1,1,0.0,1,1,1,4,0
21,16500000.0,16.0,0,0.0,0,0,0.0,1,0,0,1,0
9,20000000.0,13.0,0,0.0,1,1,0.0,1,1,1,3,0
50,300000000.0,20.0,0,1.0,1,1,0.0,1,0,1,2,0
111,348328959.0,30.0,0,0.0,1,1,0.0,0,1,0,2,0
25,27000000.0,14.0,0,0.0,1,1,1.0,1,1,0,1,0
40,500000000.0,20.0,80,1.0,1,0,0.0,1,0,0,4,1
9,60000000.0,24.0,0,0.0,1,1,0.0,1,0,1,4,0
18,10500000.0,8.0,0,1.0,1,0,0.0,1,1,1,2,0
25,13603000.0,20.0,0,0.0,1,1,0.0,1,0,1,2,0
3,800000.0,15.0,0,1.0,1,0,0.0,1,0,1,3,0
50,20000000.0,25.0,0,0.0,0,0,0.0,0,0,1,3,0
5,12000000.0,11.0,0,0.0,1,1,0.0,1,0,0,3,0
7,900000.0,26.0,0,1.0,1,0,0.0,1,0,0,4,0
1000,500000000.0,30.0,50,1.0,1,0,1.0,0,1,0,3,1
450,1400000000.0,12.0,0,1.0,1,1,1.0,1,1,0,0,0
40,48000000.0,15.0,0,1.0,1,0,0.0,1,0,1,1,0
40,100000000.0,6.0,0,0.0,1,0,0.0,1,0,1,0,0
6,3500000.0,20.0,0,1.0,1,0,0.0,1,1,1,0,0
7,50000000.0,20.0,0,0.0,1,0,0.0,1,0,1,0,0
12,8640000.0,6.0,0,0.0,1,1,0.0,0,0,0,1,0
110,480000000.0,22.0,0,1.0,1,1,0.0,1,1,1,1,0
225,900000000.0,20.0,0,0.0,1,0,1.0,1,0,0,0,0
30,200000000.0,30.0,0,0.0,1,0,0.0,1,0,1,4,1
4,7200000.0,30.0,0,0.0,0,1,0.0,1,0,0,1,0
82,13000000000.0,20.0,50,1.0,1,1,1.0,1,1,1,4,1
35,100000000.0,39.0,0,1.0,1,1,0.0,1,1,0,0,0
7,12000000.0,16.0,0,1.0,1,0,0.0,1,0,0,3,0
110,9468466.428838888,28.468466428838887,11,0.8671166072097221,0,0,0.0,0,0,0,2,1
105,600000000.0,30.0,0,0.4381333078562264,1,0,0.5618666921437736,0,0,0,2,1
350,1500000000.0,22.3859685979034,76,1.0,1,0,1.0,0,1,0,0,1
24,65976482.797253735,10.561241760798033,0,1.0,0,1,0.6798447799002458,1,0,1,0,1
92,10401840.965108806,27.699543802236875,0,1.0,0,0,0.0,0,0,1,1,1
790,500000000.0,26.42645771394031,38,0.7617638475960206,1,0,0.7617638475960206,0,0,0,3,1
192,362417464.87152827,26.888644430881474,37,0.6222711138237051,1,0,0.0,0,0,1,0,1
13,9428518.36719641,31.450760423510985,0,0.5343274735305634,1,0,0.0,0,0,1,1,1
105,30000000.0,22.05502094907076,0,0.5034388093169223,1,0,0.5034388093169223,0,0,1,2,1
126,3333872527.8652606,37.792361724384065,0,0.0,1,0,0.38961808621920346,1,0,1,2,1
510,238094593.01962757,9.976351745093108,0,0.7023648254906891,1,0,0.0,1,1,0,3,1
25,550000000.0,32.50037782095342,0,0.0,0,0,0.09998488716186338,0,0,1,2,1
11,200000000.0,11.604558902421067,0,0.053485296747368904,1,0,0.0,1,0,1,3,1
102,1204145850.31168,22.875624490649596,0,0.0,1,0,0.04145850311680166,1,0,0,1,1
45,600000000.0,19.585705677132307,0,0.15285685590441023,1,0,0.0,0,1,0,0,1
29,100045273.48062138,19.35490519046272,35,0.6450948095372794,1,1,1.0,0,0,1,0,1
105,852159955.7436771,22.172796459494176,0,0.0,1,0,0.043199114873543665,0,0,1,3,1
26,1200000000.0,31.505088375213155,22,0.6767699044243033,1,0,0.3232300955756967,1,0,0,2,1
153,900000000.0,33.72033519428228,0,0.48252094964264247,1,0,1.0,1,0,1,2,1
449,1550697434.2228196,22.534871711140976,0,0.0,1,0,0.0,1,0,0,2,1
362,981665688.2239052,31.417009121633182,0,0.9167155888047404,1,0,1.0,0,1,1,3,1
78,470917041.4725848,36.99125438015671,0,0.09170414725848108,0,0,0.0,1,1,1,2,1
10,22131472.35173526,31.987795370494403,0,0.397559074098881,0,0,0.0,0,0,1,0,1
349,900000000.0,33.69445421481299,0,1.0,1,0,1.0,0,0,1,1,1
239,300000000.0,30.318197375605724,0,0.0,0,0,0.0,1,0,1,2,1
15,1200000000.0,20.914692771011264,66,0.05380545711830975,1,0,0.9461945428816902,1,0,0,2,1
13,30000000.0,28.84462495895285,0,0.0,1,0,0.0,0,0,1,2,1
15,200000000.0,11.13464602017448,0,0.0,1,0,0.0,0,0,1,2,1
14,11965336.453011526,25.519559674879563,6,1.0,1,0,0.06907089431270741,0,1,1,0,1
33,350257517.9146559,39.613723128016154,0,1.0,1,0,0.0,1,0,1,1,1
111,849796562.1015165,22.073237643454075,0,0.0040687579696708776,1,0,0.0040687579696708776,0,0,0,2,1
232,340558711.5467735,19.2291654029017,0,0.05587115467735004,1,0,0.0,0,0,0,0,1
213,4788893329.626974,19.474071113582017,0,0.0,1,0,0.0,1,0,0,1,1
199,52270421.149175055,15.898021516040266,5,0.0,1,0,0.0,1,0,0,3,1
147,3000000000.0,25.58747225818042,0,0.29416851612130546,1,0,0.29416851612130546,0,0,0,2,1
341,1500000000.0,20.0,96,0.9686519439741349,1,0,0.9686519439741349,0,0,0,1,1
175,2000000000.0,20.0,0,0.6880300101750391,0,0,0.0,1,1,0,1,1
106,500000000.0,15.815180628813131,13,0.16303612576262616,1,0,0.0,1,0,0,4,1
22,123993938.84067476,8.597575536269904,0,0.8668687053108414,1,0,0.8668687053108414,1,0,0,1,1
15,20059140.41030927,34.192403818819926,0,0.8384807637639851,0,0,0.0,0,0,1,0,1
217,348521829.50093883,20.98264032532859,0,0.4260914750469411,1,0,0.0,0,1,0,0,1
284,2000000000.0,20.0,0,0.7774235824289695,0,0,0.0,1,0,0,1,1
91,356505086.2720497,26.98325800977126,39,0.0,1,0,0.0,0,0,1,3,1
22,31783793.817553554,19.62154636834835,0,0.0,1,0,0.8918969087767766,1,0,0,2,1
17,1200000000.0,22.492281968764434,59,0.1466048216920255,1,0,0.8533951783079745,1,0,0,2,1
149,4413228437.206091,37.833154217309826,0,0.4866738313076071,1,0,0.5133261686923929,0,0,1,1,1
82,164251985.21721375,21.30031578272642,39,0.0,1,0,0.7667719275754722,1,0,1,1,1
198,363720354.6702514,27.906527086133913,58,0.4186945827732177,1,0,0.0,0,0,1,1,1
715,4023266451.2618694,36.5784630497251,17,0.0,1,0,0.0,0,0,0,3,1
254,1447178401.881695,15.598200156807916,11,0.11964003136158319,0,0,0.11964003136158319,0,1,0,3,1
232,900000000.0,38.21303690108674,0,0.7633148063179213,1,0,1.0,1,0,1,1,1
841,31738450349.21163,24.815387412697092,0,1.0,1,0,1.0,1,1,1,2,1
100,500000000.0,29.79721847053211,0,0.5918887388212843,1,0,0.0,1,0,1,2,1
737,1000000000.0,25.0,67,0.35021824670031354,1,0,0.6497817532996865,1,0,0,0,1
130,357081811.955832,25.0,0,0.7081811955831998,1,0,0.0,1,1,1,1,1
32,392774995.1805383,17.89000192778469,0,0.48166698796411533,1,0,0.48166698796411533,0,0,1,1,1
178,324880496.39510983,16.866037229633235,0,0.0,1,0,0.0,0,0,0,0,1
348,1429491563.570334,18.013565806956784,0,1.0,0,0,1.0,1,1,0,2,1
7520,22015310146.836544,21.502551691139423,12,0.24872415443028795,0,0,0.24872415443028795,1,1,0,3,1
265,800000000.0,26.60505058038197,29,0.3302525290190985,1,0,1.0,1,1,0,1,1
28,216966444.66535187,9.827740777558644,0,0.0,1,0,0.0,0,0,1,2,1
742,11492635652.253723,22.71686043514175,0,1.0,1,0,0.7463178261268613,0,1,1,1,1
26,200000000.0,18.345658429879677,0,0.0,1,0,0.0,1,0,1,2,1
84,500000000.0,16.285580924384966,0,0.0,1,0,0.0,1,0,1,3,1
31,396114607.91366005,16.55415683453599,0,0.2590261390893317,1,0,0.2590261390893317,0,0,1,0,1
235,1400000000.0,22.973533090411433,0,1.0,0,0,0.23280514689142828,0,1,0,3,1
53,348227903.51876694,23.75953246313685,0,0.0,1,0,0.0,0,1,0,3,1
88,900000000.0,30.092613488907233,0,0.25578834305670206,1,0,1.0,1,0,1,3,1
364,3902558622.231908,46.81039427096909,6,0.0,1,0,0.681039427096909,0,0,1,1,1
254,888124676.4353765,37.2498705741506,0,0.7624935287075301,1,0,0.7624935287075301,0,0,1,1,1
179,2000000000.0,20.0,0,0.5997771071279752,0,0,0.0,1,1,0,1,1
51,72388574.45440114,10.745136200317496,0,0.5222851091197723,1,0,0.0,1,1,1,1,1
241,2000000000.0,20.0,0,0.0,1,0,0.0,1,0,1,1,1
492,500000000.0,24.71629878702791,65,1.0,1,0,0.47162987870279083,0,0,0,3,1
16,11098373.932203434,28.509313347147554,0,0.436335831606556,1,0,0.0,0,0,1,1,1
379,1500000000.0,28.021092490267343,0,1.0,1,0,1.0,1,1,0,0,1
195,30000000.0,29.646410700068333,0,0.9779006687542708,1,0,0.9779006687542708,0,0,1,2,1
7,33547289.616985217,23.88798992271483,0,0.0,1,0,0.0,1,0,0,2,1
37,39585912.45129106,13.936118329665502,0,0.0,1,0,0.32268638827758367,0,1,0,0,1
350,1500000000.0,20.434007832981727,95,1.0,1,0,1.0,0,1,0,0,1
28,200000000.0,7.226070009329212,0,0.0,1,0,0.0,1,0,1,2,1
44,351326502.26943,39.191157152786595,8,0.9191157152786594,1,0,0.0,0,0,1,2,1
375,800000000.0,36.711127816139864,67,0.7470098320107589,1,1,0.7470098320107589,1,0,0,1,1
365,500000000.0,36.95411123106648,15,1.0,1,0,0.30458887689335246,0,0,0,2,1
206,101644178.43515357,10.754345470897693,0,0.0,1,0,0.9245654529102307,1,0,0,3,1
306,1500000000.0,28.33784568090747,0,0.8337845680907471,1,0,0.8337845680907471,1,0,0,0,1
12,58915954.46706755,10.20341855807579,0,0.7831908934135088,1,0,0.0,1,0,0,2,1
41,186711903.14943087,33.52753026580285,0,0.7055060531605701,1,0,1.0,1,1,0,3,1
10,130083372.49941258,10.037517624735663,0,0.0,1,0,0.0,1,0,1,0,1
14,65758423.93858752,9.546124162042778,0,0.6969250558638148,1,0,0.0,1,0,1,2,1
85,481526054.9413766,38.76840366275844,0,0.3842018313792199,1,0,0.0,1,0,1,2,1
35,500000000.0,18.52579858831396,0,0.0,1,0,0.0,0,0,1,1,1
21,1200000000.0,20.25423697499268,64,0.0,1,0,0.9152543416691064,1,0,0,2,1
165,985619463.8888823,26.917404814815693,2,0.9587024074078462,1,0,1.0,1,0,0,3,1
7,5378719.210824195,25.884272204484585,0,0.057863897757707394,1,0,0.0,0,0,1,3,1
126,464187409.26663804,33.15617438886504,0,0.0,0,0,0.0,0,0,1,3,1
366,982135121.3187177,31.25270753844881,0,0.8932439340641156,1,0,1.0,0,1,1,3,1
309,916783003.2398481,24.650379546421256,33,1.0,1,0,1.0,0,0,0,0,1
85,165433154.64437255,22.0,43,0.0,1,0,1.0,1,0,0,0,1
123,5706303276.662552,22.527938531681066,0,0.6468483616687238,1,0,0.0,0,0,1,3,1
50,6941341.919949361,27.164805151969617,0,0.3882683839898722,0,0,0.0,1,0,1,3,1
88,732957342.8763306,20.0,0,0.0,0,0,1.0,0,1,0,3,1
87,597797813.7748927,11.329689624821196,0,0.0,1,0,0.0,0,0,1,1,1
50,500000000.0,43.83792942876839,0,1.0,1,0,0.6396549047947317,1,0,1,0,1
68,352599498.6285426,36.10075205718606,0,1.0,1,0,0.0,1,0,1,1,1
200,3468530253.23887,34.136570360990916,0,0.45324084682883103,1,0,1.0,0,0,0,1,1
849,1000000000.0,20.161579755548253,3,1.0,1,0,0.9676840488903495,0,0,0,1,1
59,600000000.0,19.196452607534184,0,0.0,1,0,0.2797635071689457,0,0,0,0,1
10,72831899.1869172,22.878447046105304,20,0.0,1,0,0.41120672087218624,1,0,1,4,1
306,1039721811.7976701,16.027818820232987,0,0.0,0,0,0.6027818820232985,0,0,0,0,1
131,101160508.65546119,17.290423574848703,0,0.0,1,0,0.2709576425151299,1,0,0,2,1
31,500000000.0,19.7336297495525,0,0.0,1,0,0.0,0,0,1,0,1
236,209237996.20400837,16.23799620400837,0,0.0,1,0,0.0,1,1,1,2,1
190,1388106365.4270768,25.6431909628123,4,0.9405318271353834,1,0,0.059468172864616586,0,0,0,2,1
12,34858468.61708145,22.083526595830644,0,0.0,1,0,0.4166390577384792,1,1,0,1,1
66,500000000.0,30.785577665978177,0,0.5811626211808263,1,0,0.0,1,0,1,2,1
41,100000000.0,19.889057929808843,50,0.9191765518355596,1,0,1.0,0,0,0,0,1
14,30071991.125430718,32.17251579964694,0,0.0,1,0,0.0,1,0,0,3,1
138,462817434.8758545,29.62998445777738,0,0.12333851407420726,0,0,0.0,0,0,1,2,1
157,109188482.52851403,18.9682425491186,0,0.0,1,0,0.55158787254407,1,0,0,3,1
52,100000000.0,24.10986209524703,45,0.835165738862999,0,1,0.835165738862999,0,1,1,1,1
152,1475324693.0048778,17.943724417073156,0,0.0,0,0,0.0,0,0,0,4,1
24,226886431.97229317,12.889590865059098,0,0.22239771626477445,1,0,0.0,0,0,1,2,1
65,8441110.245599065,34.7159290994701,0,0.48037008186635466,0,1,0.0,1,0,1,1,1
32,350241308.7690857,39.85286050665504,1,0.9852860506655043,1,0,0.0,0,0,1,2,1
74,868836948.496897,23.506955879751764,0,0.0,1,0,0.37673896993794076,0,0,1,3,1
304,4749578299.976072,28.75632550035892,5,0.7495782999760721,1,0,0.0,0,0,1,3,1
28,189073810.08161947,33.0350527551057,0,0.6070105510211409,1,0,0.6070105510211409,1,0,0,4,1
10,30721372.872014668,24.708357792934855,0,0.0,1,0,0.0,1,0,0,3,1
30,67449700.02998601,12.552651753325982,0,1.0,0,1,0.43091853083425236,1,0,1,0,1
43,349364881.7041,38.60273974901997,0,0.9364881704099987,1,0,0.0,0,0,0,1,1
42,384315113.2619706,21.331396808723923,3,0.9631781323640086,1,0,0.9631781323640086,0,0,1,2,1
883,997992218.2179905,25.267704237601265,43,0.1338521188006332,1,0,1.0,1,0,0,1,1
740,56398433547.61212,29.863280351730026,0,1.0,1,0,1.0,0,1,0,1,1
209,365917702.01374424,29.62320469823769,92,0.07535906035246231,1,0,0.0,0,0,1,1,1
888,85670561063.29118,23.217716737716067,0,0.691714397168912,1,0,0.691714397168912,0,1,0,1,1
93,109081000.96348616,24.65653724970537,0,0.0,1,0,0.0,1,0,1,2,1
25,350000000.0,36.24866124204958,0,0.7499107494699718,1,0,0.0,1,0,1,2,1
214,364107575.8596018,28.957989027091713,91,0.0,1,0,0.0,0,0,0,1,1
47,100000000.0,25.43664485558019,22,0.41485046767452805,1,0,1.0,0,0,0,0,1
154,4169987644.4277124,43.1530211017962,0,0.27387915592815193,1,0,0.7261208440718481,0,0,1,1,1
123,465161208.4399679,29.271243606127367,0,0.24291879795754412,0,0,0.0,0,0,1,2,1
143,101239609.40646408,16.221494507242134,0,0.0,1,0,0.37785054927578643,1,0,0,2,1
19,31276745.503011104,23.303866311251902,0,0.0,1,0,1.0,1,0,0,2,1
98,900000000.0,21.230271971039148,39,0.0,1,0,1.0,1,1,1,4,1
38,200000000.0,22.514424395117985,0,0.0,1,0,0.0,0,0,1,2,1
562,2000000000.0,20.0,0,0.0,1,0,0.0,1,0,1,1,1
130,468606214.90071905,27.513268211903323,0,0.0,0,0,0.0,0,0,1,2,1
188,1375644133.4958384,25.634662002437576,0,0.8782206674791923,1,0,0.0,0,0,0,2,1
75,500000000.0,35.139982643444576,19,1.0,1,0,0.0,1,0,0,2,1
22,349531035.3220878,24.67172472546146,0,0.0,1,0,0.0,0,1,0,3,1
386,1326867248.2025306,18.119292625822847,0,0.26867248202530736,0,0,1.0,1,0,0,1,1
20,100000000.0,10.199662678272714,1,0.02218474203030163,0,1,0.02218474203030163,0,0,1,2,1
219,1500000000.0,20.0,49,0.49816518664589293,1,0,0.49816518664589293,0,0,0,2,1
428,1500000000.0,20.0,47,1.0,1,0,1.0,0,1,0,0,1
193,104516096.11595623,13.372570198749976,0,0.0,1,0,0.8313714900625012,1,0,0,3,1
75,172715211.9637125,26.001104117023644,35,0.3077772397710494,1,0,1.0,1,0,0,1,1
70,201836142.64786938,8.836142647869377,0,0.0,1,0,0.0,1,1,1,2,1
102,597096078.7036805,10.640524691203538,0,0.0,1,0,0.0,0,0,1,1,1
486,1500000000.0,20.884082233656464,0,1.0,1,0,1.0,1,1,0,0,1
348,1420818216.0530367,16.53909672901624,0,1.0,0,0,1.0,1,1,0,2,1
120,550000000.0,20.251102571559098,0,0.0,0,0,0.5899558971376361,0,0,1,3,1
42,198960091.93403694,34.80045967018475,0,0.48004596701847513,1,0,0.5199540329815249,1,0,0,2,1
35,200000000.0,12.466965122645977,0,0.0,1,0,0.0,0,1,1,2,1
147,368613269.4422276,22.846682639443095,0,0.7846682639443096,1,0,0.0,0,0,1,0,1
148,5190607359.762894,16.081915929077272,0,0.0,1,0,0.0,0,0,0,1,1
192,101555733.05396433,11.94955332480638,0,0.0,1,0,0.8050446675193619,1,0,0,3,1
21,122905468.23970121,8.162187295880486,0,0.9031510586766263,1,0,0.9031510586766263,1,0,0,1,1
175,990741044.3185406,26.234527424194585,38,1.0,1,0,0.617263712097292,1,0,0,2,1
29,200000000.0,7.547043697413422,0,0.0,1,0,0.0,1,0,1,2,1
29,73527209.35412303,17.56764860183246,0,0.6080878495418852,1,0,0.0,1,0,1,1,1
596,1414534227.1351087,22.003087537845108,0,0.0,0,0,0.0,0,0,1,2,1
44,517807375.65831095,23.34221269749329,0,0.44518439145777433,1,0,0.44518439145777433,1,0,0,1,1
249,4015470355.4787264,19.54498954474335,0,0.0,1,1,0.0,0,1,0,0,1
197,329055881.3060091,17.179191097950685,0,0.0,1,0,0.0,0,0,0,0,1
762,1000000000.0,22.737231534495557,27,0.0,1,0,1.0,1,0,0,1,1
21,200000000.0,20.98179105167791,0,0.0,1,0,0.0,1,0,1,3,1
28,200000000.0,7.268586164790181,0,0.0,1,0,0.0,1,0,1,2,1
20,18802580.532406837,38.277553966961456,29,1.0,0,0,0.29795945154195047,0,1,1,0,1
83,183987710.8860432,26.18881820812009,24,0.0,1,0,1.0,1,0,0,1,1
57,500000000.0,18.488209357467316,0,0.0,1,0,0.0,0,0,1,1,1
976,37371774205.39102,23.407056448652245,0,1.0,1,0,1.0,1,1,1,2,1
194,993109797.8808074,25.918693615892344,54,1.0,1,0,0.45934680794617244,1,0,0,1,1
66,100151592.24158204,28.420914150187095,0,0.0,1,0,0.0,1,0,1,1,1
206,1453864935.5210762,16.15541129342301,0,0.0,0,0,0.0,0,0,0,4,1
22,896688201.1074067,25.735056088592536,0,0.0,1,0,0.9337640221481341,0,0,1,3,1
72,600000000.0,44.31208100393051,0,0.954138733595367,1,0,0.0,1,0,0,1,1
557,3945745848.064561,43.79194315577909,12,0.0,1,0,0.3791943155779087,0,0,1,2,1
26,123474134.08225414,16.525865917745858,0,0.6525865917745858,1,0,0.0,1,1,0,0,1
103,6581738417.842972,19.4639155375496,0,0.20913079107851418,1,0,0.0,0,0,1,3,1
109,100403536.06290713,37.389498034152155,0,0.0,0,0,0.0,0,1,1,1,1
1136,112086483639.3235,13.123448156848175,0,0.34156321045654503,1,0,0.34156321045654503,1,1,1,2,1
611,283108438.17850965,37.10567799886232,0,0.0,0,1,0.0,0,1,0,0,1
102,598380357.4769508,19.20238317967144,0,0.46011915898357203,1,0,0.0,0,0,1,1,1
465,257706741.07358372,14.88944398696608,0,0.5847661059491537,1,1,0.0,0,1,0,2,1
231,350567932.90723145,22.803605866923377,40,0.0,1,0,0.0,0,0,0,0,1
266,47944139.501139134,7.116326984121478,6,0.0,1,0,0.0,0,1,0,2,1
26,200000000.0,12.942219987526851,0,0.18006727234929853,1,0,0.0,1,0,1,2,1
362,900000000.0,31.552478006593816,0,1.0,1,0,1.0,0,0,1,1,1
225,900000000.0,32.94345328413438,20,0.5883387856424719,1,0,1.0,1,0,1,2,1
346,272511454.50337714,29.01637748349399,0,0.0,0,1,0.0,0,1,0,0,1
69,8545708.164592633,34.33240339649368,0,0.5152360548642109,0,1,0.0,1,0,1,1,1
39,149462206.98540208,18.757993143430937,0,0.0,1,0,0.0,1,0,1,3,1
260,1400000000.0,20.825160142032484,0,1.0,0,0,0.3980646044590398,0,1,0,3,1
50,500000000.0,24.476981318126413,62,1.0,1,0,0.0,1,0,0,3,1
387,274162902.3776105,30.27702471573322,0,0.0,0,1,0.0,0,1,0,0,1
579,3950626461.0227003,43.450826278223865,13,0.0,1,0,0.34508262782238674,0,0,1,2,1
113,867380960.7241342,21.304761571034632,17,0.0,1,0,0.3476192144826835,0,0,1,3,1
27,182572484.26673296,35.15902340742583,0,1.0,1,0,0.9681953185148349,1,0,0,3,1
184,2000000000.0,20.0,0,0.45128469079259137,0,0,0.0,1,1,0,1,1
185,991983647.4440122,26.068847007465045,46,1.0,1,0,0.534423503732523,1,0,0,2,1
24,200000000.0,25.03223844038439,0,0.0,1,0,0.0,1,0,1,2,1
15,7396964.319000759,39.153738103167406,0,0.0,1,1,0.0,1,0,1,1,1
67,198257496.7965993,27.03878683910819,0,0.0,1,0,0.8712516017003561,1,1,0,2,1
297,883495024.3344922,25.349502433449224,0,0.6699004866898446,1,0,0.6699004866898446,0,0,1,1,1
11,58392086.17659985,12.717986352320697,0,0.678417235319971,1,0,0.0,1,0,0,2,1
103,1494462564.8262753,19.53854706885627,0,0.0,0,0,0.0,0,0,0,4,1
467,3925763611.249366,45.188546059437066,9,0.0,1,0,0.5188546059437068,0,0,1,2,1
17,200000000.0,16.24430565807834,0,0.0,1,0,0.0,1,0,1,3,1
936,1000000000.0,22.558285067736307,25,0.48834298645273877,1,0,1.0,0,0,0,1,1
329,10313955365.432388,17.412799144445742,0,1.0,1,0,0.15697768271619372,0,1,1,1,1
73,600000000.0,30.0,0,0.6227140347579274,1,0,0.0,1,0,1,0,1
5,36916348.65361697,24.966264683012596,0,0.0,1,0,0.0,0,1,0,0,1
189,104110089.74124876,9.604903321106761,0,0.13169889296441317,1,0,1.0,1,0,0,3,1
183,30073529.796682194,29.408380946235226,0,0.9154829923193181,1,0,0.9154829923193181,1,0,0,3,1
79,10303103.818727437,30.208165753233708,0,0.5972780822554306,0,1,0.0,1,0,1,1,1
41,200000000.0,20.274860082663697,0,0.013743004133184855,1,0,0.0,0,0,1,2,1
123,1307318129.1974666,31.097502894139343,0,1.0,1,0,0.0,0,0,0,2,1
95,102406244.90659447,20.0,0,0.07595824089256686,1,0,0.0,1,1,0,1,1
6,14184217.378079368,58.374756009716805,0,0.23611653311740433,1,0,0.0,0,0,1,2,1
139,3000000000.0,26.399331134063786,0,0.24004459106241438,1,0,0.24004459106241438,0,0,0,2,1
157,523436712.3013233,12.65632876986767,0,0.0,1,0,0.46873424602646596,0,0,1,4,1
164,106814556.0765362,12.794839386085352,0,0.27948393860853515,1,0,0.7205160613914648,1,0,0,2,1
6,36594527.323694915,24.56361046242131,0,0.0,1,0,0.06234136251124145,1,1,0,1,1
171,29852260.908093773,31.477390919062266,0,0.8522609080937733,1,0,1.0,1,0,1,2,1
47,152474243.5529539,19.399350785762437,6,0.0,1,0,0.13311692858747826,1,0,1,3,1
38,150000000.0,19.938503483790008,0,0.0,1,0,0.3128344945966689,1,0,0,2,1
63,382106596.5109855,22.40003394629734,15,0.8444406726336288,1,0,0.8444406726336288,0,0,1,2,1
16,362519188.39957064,22.496162320085872,0,0.0,1,0,0.0,0,0,1,2,1
116,9847639.23633203,28.908583541799217,0,0.9695278472664058,0,0,0.0,1,0,1,2,1
15,7498294.1078497125,38.93771984859779,0,0.0,1,1,0.0,1,0,1,1,1
32,394687799.93810314,17.124880024758752,0,0.35414667079312545,1,0,0.35414667079312545,0,0,1,1,1
192,3000000000.0,20.957457487561236,0,0.6028361674959175,1,0,0.6028361674959175,0,0,0,1,1
186,701363299.1649222,12.838953332259848,0,0.0,0,0,0.1048691665324809,0,0,0,2,1
70,637034444.262061,16.424431236562913,0,0.0,1,0,0.0,0,0,0,0,1
234,12817716121.524042,20.91141939237979,40,1.0,1,0,1.0,0,1,1,3,1
162,1043603490.7981163,18.459476380282545,56,0.5639650920188364,0,0,0.0,0,0,0,0,1
20,199681419.97175586,38.40709985877931,0,0.8407099858779311,1,0,0.1592900141220689,1,0,0,2,1
773,55394322083.18299,29.375569699015607,0,1.0,1,0,1.0,0,1,0,1,1
210,1500000000.0,24.646644359844764,0,0.4646644359844765,1,0,0.4646644359844765,1,0,0,2,1
119,838339179.4225099,21.533567176900398,0,0.0,1,0,0.23321641154980122,0,0,0,2,1
123,6029516974.092524,16.97121940716522,0,0.0,1,0,0.0,0,0,0,2,1
244,964219098.2429167,25.687639297166676,52,1.0,1,0,1.0,1,1,0,1,1
23,21878057.24180775,28.96322684425182,0,0.6448956967206952,0,0,0.35510430327930476,0,0,1,0,1
150,100597001.17150432,35.952913611663035,0,0.0,0,0,0.351177159708424,0,0,0,2,1
31,6520417.89824575,32.806268473686245,43,0.0,1,0,0.0,0,0,0,2,1
23,28569646.227416743,26.762992270712537,0,0.0,1,0,0.41580051528583073,1,0,1,2,1
141,513158876.23025435,13.684112376974564,0,0.0,1,0,0.26317752460508714,0,0,1,4,1
33,391633866.01074344,18.346453595702624,0,0.5577422659504374,1,0,0.5577422659504374,0,0,1,1,1
24,141730708.6932152,17.03842521592911,0,0.0,1,0,0.5865354346607591,1,1,0,0,1
49,119303133.66803622,17.01745352197925,0,0.5644585425226413,1,0,0.5644585425226413,1,0,0,1,1
557,3945806182.336812,43.787726259512894,12,0.0,1,0,0.37877262595128935,0,0,1,2,1
207,48367914.69579904,12.0,0,0.0,1,1,0.0,0,1,0,0,1
113,721730676.4483839,22.007052057099756,9,0.1003526028549877,0,0,1.0,0,1,0,3,1
15,30784889.555412855,15.569779110825708,0,0.0,1,0,0.39244477770642716,0,0,0,2,1
82,225112936.8907069,13.221765777323272,0,0.0,1,0,0.0,0,0,1,2,1
433,2000000000.0,20.0,0,0.4982476978489402,0,0,0.0,1,0,0,1,1
126,1266069696.256183,23.991045443842744,0,0.330348481280914,1,0,0.0,0,0,0,2,1
100,606630817.6240126,29.00537735639812,0,0.9336918237598746,1,0,0.06630817624012542,1,0,1,1,1
100,100952767.01139128,20.22603089402224,0,0.0,0,0,0.0,0,1,1,1,1
57,100000000.0,25.985316729088375,42,0.7746672022874718,0,1,0.7746672022874718,0,1,1,1,1
94,8538572.721303768,27.53857272130377,32,0.6346431803259424,0,0,0.0,0,0,0,2,1
106,372804754.97978157,22.95123920323495,0,1.0,1,0,0.5121901991912621,1,1,1,1,1
29,1200000000.0,34.463897803214486,10,0.8508175178361462,1,0,0.14918248216385377,1,0,0,2,1
18,11125928.556742074,30.066472260116836,0,0.0,1,0,0.0,1,0,0,1,1
133,978205271.03594,25.641054207188006,19,1.0,1,0,1.0,1,0,0,3,1
30,59499118.59578722,5.389574425498827,0,0.9443465106430247,1,0,0.0,0,1,0,1,1
30,26944753.753872436,21.469091223440003,0,0.0,1,0,1.0,1,0,1,2,1
161,3873088463.226129,48.19275827439205,0,0.0,1,0,0.9483645221254872,0,0,0,0,1
254,4003101221.8428216,19.908787592858197,0,0.0,1,1,0.0,0,1,0,0,1
23,16833412.88367186,35.09061264519117,69,0.6969614623664215,1,0,0.6969614623664215,1,0,0,1,1
39,149945110.69536787,18.97529981291555,0,0.0,1,0,0.0,1,0,1,3,1
206,986550846.0553896,26.276271840818147,0,1.0,1,0,1.0,0,0,0,3,1
290,800000000.0,34.487979431473576,51,0.57599841780566,1,1,0.57599841780566,1,0,0,2,1
22,10360049.251783594,31.42176929159872,7,0.0,1,0,0.0,0,0,0,1,1
497,799538899.4434084,39.89399987204789,89,0.9946999936023946,0,0,1.0,0,1,0,1,1
20,100000000.0,10.49865674109715,0,0.0,0,0,0.0,1,0,1,2,1
538,300000000.0,37.73128051853039,0,0.0,0,0,0.0,1,0,1,1,1
15,200000000.0,30.855571188518596,0,0.7228960966217757,1,0,0.0,1,0,1,2,1
164,4676962030.976012,15.537415580539943,0,0.0,1,0,0.0,0,0,0,0,1
94,100000000.0,41.27217539593316,15,0.28154272916344636,0,1,0.28154272916344636,0,1,1,1,1
133,923248163.3977544,20.0,73,0.46496326795508947,1,0,1.0,1,1,0,2,1
226,1500000000.0,25.23380515873588,0,0.523380515873588,1,0,0.523380515873588,1,0,0,1,1
22,200000000.0,34.19291279351312,0,0.0,1,0,0.0,1,0,1,2,1
10,30178417.47733003,15.845698041345132,0,0.0,1,0,0.0,0,0,0,2,1
341,1500000000.0,29.679940665042345,0,0.9679940665042343,1,0,0.9679940665042343,1,0,0,0,1
13,30000000.0,27.508097097898215,0,0.0,1,0,0.0,0,0,1,2,1
18,100025450.10118592,11.995069273383198,0,0.0,0,1,0.19950692733831976,1,0,1,2,1
33,68439034.87231655,13.889977469587905,0,1.0,0,1,0.2637528163015118,1,0,1,0,1
22,1200000000.0,27.992719605921017,37,0.47015997681888333,1,0,0.5298400231811167,1,0,0,2,1
9,29292769.904355556,37.950610669511114,0,0.0,1,0,0.7072300956444445,1,0,1,2,1
145,357677795.0144284,28.483307478357418,0,1.0,1,0,0.0,1,0,1,0,1
31,1217458035.9179351,20.52374107753805,63,0.08729017958967544,1,0,0.9127098204103246,0,0,0,2,1
25,274694802.18203264,30.061039563593468,0,0.506103956359347,1,0,0.506103956359347,1,0,1,3,1
113,10051168.589472426,29.203956973229197,0,0.9320143422569341,0,1,0.0,1,0,1,1,1
52,198641284.38431904,33.206421921595144,0,0.3206421921595143,1,0,0.6793578078404857,1,0,0,2,1
66,500000000.0,31.065428146273774,0,0.5938830975578988,1,0,0.0,1,0,1,2,1
7,25846152.40754948,33.692304815098964,0,0.0,1,0,0.3692304815098961,1,0,1,0,1
25,200000000.0,14.542679722190996,0,0.0,1,0,0.0,0,0,1,2,1
187,3548603117.9381533,24.513968820618466,0,0.0,1,0,0.0,1,1,0,1,1
91,598353234.060333,25.787730703885796,0,0.4510780201110227,1,0,0.0,0,0,0,2,1
149,357982695.37669766,28.025956934953538,0,1.0,1,0,0.0,1,0,1,0,1
124,56845715.47879833,5.0,3,0.6845715478798333,1,0,0.0,1,1,0,2,1
708,1964852755.5029373,20.439340556213285,0,0.0,1,0,0.0,1,0,1,1,1
53,100017709.18222412,28.611752265579796,0,0.0,1,0,0.13882477344202038,1,0,1,0,1
11,100127219.18411621,20.08132698242989,0,0.0,0,1,0.9972891005856703,0,0,1,0,1
237,342333921.28283364,18.81687244899177,0,0.11669606414168132,1,0,0.0,0,1,0,0,1
71,600000000.0,22.902506984221617,0,0.5268337989481078,1,0,0.0,0,1,1,0,1
579,1415755924.7577665,21.667120691614226,0,0.0,0,0,0.0,0,0,1,2,1
85,202057105.50033537,19.382868349899386,0,0.0,1,0,0.0,0,1,1,2,1
59,100000000.0,30.0,0,0.0,1,0,0.10669925011343606,1,0,0,0,1
17,1200000000.0,22.53763317972027,59,0.14927253998354528,1,0,0.8507274600164547,1,0,0,2,1
169,106348666.18245846,12.540254744512819,0,0.2540254744512819,1,0,0.7459745255487181,1,0,0,2,1
285,1464511097.576155,21.127774394038752,0,0.4085182929359169,0,0,0.4085182929359169,0,1,0,2,1
177,4225661404.3070374,15.670619329000454,0,0.06706193290004536,1,0,0.0,0,1,0,0,1
250,210181410.4708522,16.954647382286954,0,0.0,1,0,0.0,0,0,1,2,1
105,9179992.759787051,28.17999275978705,18,0.7949981899467627,0,0,0.0,0,0,0,2,1
10,30540071.131081495,19.586942735325795,0,0.0,1,0,0.0,0,0,0,3,1
26,228970291.93025595,12.294202305641155,0,0.07355057641028884,1,0,0.0,0,0,1,2,1
752,300000000.0,43.03991376878193,0,0.0,0,0,0.0,1,0,1,0,1
56,100000000.0,30.961892879281756,0,0.0,0,0,0.9519053560359123,0,0,0,0,1
179,3669697390.3794956,42.35300686129952,0,0.2184855182485851,1,0,1.0,0,0,0,1,1
44,70860295.56411254,14.107349758952411,0,0.8279408871774919,1,0,0.0,1,1,1,0,1
255,900000000.0,36.511042344836895,12,0.7505019247653135,1,0,1.0,1,0,1,1,1
13,196391668.3565513,38.997685654597575,0,1.0,1,0,0.20046286908048438,1,0,0,3,1
56,1117486732.3307202,12.273275202993636,0,0.0,0,0,0.0,0,0,1,0,1
293,2000000000.0,20.0,0,0.0,1,0,0.0,1,0,1,1,1
54,100000000.0,30.0,0,0.0,1,0,0.7643082539350002,1,0,0,0,1
52,600000000.0,25.98724308839468,0,0.36624143627982275,1,0,0.0,0,1,0,0,1
182,30080156.46649761,29.35506291323761,0,0.907866130462516,1,0,0.907866130462516,1,0,0,3,1
64,100000000.0,28.802094051191332,37,0.6838034177035054,0,1,0.6838034177035054,0,1,1,1,1
385,2000000000.0,20.0,0,0.5883066757950567,0,0,0.0,1,0,0,1,1
148,1336596412.6834264,29.487197302411545,0,1.0,1,0,0.0,0,0,0,2,1
21,377402569.93504804,19.51948601299039,0,0.0,1,0,0.0,0,0,1,1,1
101,599141347.364566,24.27564909710652,0,0.713782454855326,1,0,0.0,0,0,1,1,1
39,50100332.554707825,14.69900233587652,0,0.0,1,0,0.0,0,1,0,2,1
29,120000000.0,15.11332007436389,0,1.0,1,0,0.3758984558181624,1,1,0,0,1
63,119136350.30093658,25.39781061914633,0,0.46021893808536696,1,0,0.0,1,0,0,1,1
73,100000000.0,32.60108493703851,30,0.5612553246116609,0,1,0.5612553246116609,0,1,1,1,1
86,500000000.0,17.112568645469374,33,0.4225137290938743,1,0,0.0,1,0,0,4,1
9,29355362.451818395,37.51246283727123,0,0.0,1,0,0.6446375481816041,1,0,1,2,1
42,300000000.0,21.08517889798498,0,0.0,1,0,0.0,0,0,0,1,1
292,826592873.9844087,30.426565365612866,42,0.468142520311826,1,0,0.468142520311826,0,0,0,2,1
10,30000000.0,15.265763135425523,0,0.0,1,0,0.0,0,0,1,2,1
59,300000000.0,17.290253909247962,0,0.0,1,0,0.0,0,0,0,0,1
74,100000000.0,33.17167137098433,29,0.5428493106134089,0,1,0.5428493106134089,0,1,1,1,1
228,900000000.0,26.568471856863557,0,0.5684718568635574,1,0,1.0,0,0,1,2,1
49,71366221.39846115,5.998447357737453,0,0.3328157859124843,0,0,0.3328157859124843,1,0,1,2,1
190,2000000000.0,20.0,0,0.26945086319069855,0,0,0.0,1,1,0,1,1
293,1653141196.2983308,26.937176074033385,0,1.0,0,0,0.6937176074033384,1,1,0,0,1
103,100000000.0,44.831346440205124,9,0.16673075999338316,0,1,0.16673075999338316,0,1,1,1,1
31,26249290.535356,19.45645061551874,0,0.0,1,0,0.8786291153734382,1,0,1,1,1
525,4000000000.0,29.908472528079315,9,0.0,1,0,0.0,0,0,0,2,1
84,600000000.0,26.121913667085682,0,0.7414609111390454,1,0,0.0,0,1,1,0,1
230,900000000.0,26.573150849257388,0,0.5731508492573887,1,0,1.0,0,0,1,2,1
21,199995385.23184767,34.988463079619216,0,0.0,1,0,0.0023073840761567155,1,0,0,2,1
49,912379843.9980589,24.514418720232936,24,0.2475968799611773,1,0,1.0,1,1,0,3,1
350,1029301953.8756541,17.06980461243459,0,0.0,0,0,0.706980461243459,0,0,0,0,1
370,900000000.0,30.321420914238736,0,1.0,1,0,1.0,0,0,1,1,1
45,6680235.502981108,26.001895898839287,77,0.0,1,0,0.0,0,0,0,3,1
73,347954554.0683054,35.50001895027181,0,0.7954554068305367,1,0,0.0,0,0,0,1,1
127,10377483050.645916,30.281281644472283,60,0.28593591777638583,1,0,0.7140640822236142,1,0,1,1,1
643,5506018512.869138,37.14444430885929,0,1.0,1,0,0.0,0,1,0,3,1
549,1622682354.0699418,20.0,0,0.7546352918601166,1,0,0.7546352918601166,1,0,1,0,1
251,2000000000.0,20.0,0,0.0,1,0,0.0,1,0,1,1,1
229,1500000000.0,20.0,53,0.5364813514845947,1,0,0.5364813514845947,0,0,0,2,1
216,1415152862.6222765,21.832962778873927,0,0.6211784344430843,0,0,0.0,0,1,0,3,1
27,489140004.3856336,23.80099846502825,0,0.5429997807183217,0,0,0.0,0,0,1,0,1
83,484316731.7340715,22.75250553512985,0,0.0,0,0,0.0,0,0,1,2,1
36,200000000.0,13.52974851701289,0,0.0,1,0,0.0,0,1,1,2,1
430,2000000000.0,20.0,0,0.0,1,0,0.0,1,0,1,1,1
144,1451364251.8004391,22.918144891973647,0,0.4863574819956078,1,0,0.0,0,0,0,3,1
44,68865672.3437176,5.0,0,0.4089551770854932,1,0,0.0,1,1,1,2,1
72,100000000.0,34.5623603880351,0,0.0,0,0,0.0,0,0,1,1,1
248,3010457087.970644,15.427107531131558,0,0.9877969276819555,1,0,1.0,0,0,0,1,1
45,70615681.76325661,6.204671896384319,0,0.401557298794773,0,0,0.401557298794773,1,0,1,2,1
123,30868983.30535405,24.786100167875688,0,0.5655083473229738,1,0,1.0,1,1,0,2,1
840,6283820925.267048,40.20155131672152,0,0.7161790747329522,1,0,0.0,0,0,0,3,1
143,578154380.1445343,10.0,0,0.0,1,0,0.4009706352226735,0,0,1,2,1
1796,15078414066.29106,20.346402344381843,41,0.8267988278090783,0,0,0.8267988278090783,1,1,0,3,1
979,1000000000.0,25.0,47,0.0,1,0,1.0,0,0,0,1,1
12,61370097.02871417,12.535533657927955,17,0.6574757428214566,1,0,0.3425242571785434,1,0,1,2,1
46,911367549.1514994,24.635894101820078,22,0.22735098302998702,1,0,1.0,1,1,0,3,1
35,500000000.0,31.013518422932556,46,1.0,1,0,0.4235968624204829,1,0,0,2,1
90,113378507.48866333,27.12070383524274,0,0.0,1,0,0.0,1,0,1,2,1
27,131551492.10542037,11.620596842168148,0,0.6149502631526544,1,0,0.6149502631526544,1,0,0,2,1
38,31823704.81768593,19.057771093884423,0,0.0881475911570353,1,0,1.0,1,1,0,2,1
187,686088380.5856938,14.504091494575114,0,0.0,1,0,0.13911619414306187,0,0,0,2,1
28,17017186.379778583,43.7825187336505,89,1.0,1,0,0.8992053969841135,0,1,1,0,1
212,1871992234.073169,22.560155318536623,0,1.0,0,0,0.2560155318536622,1,1,0,0,1
440,994521911.721248,23.286852967251193,0,0.27390441393759923,1,0,1.0,1,0,0,1,1
126,56336666.14732939,7.849259663188249,0,0.5929629052588216,1,0,0.0,0,1,0,1,1
1181,138654394271.00284,9.533189963377994,0,0.10221266422519959,1,0,0.10221266422519959,1,1,1,2,1
328,1500000000.0,20.0,91,0.9187505222607465,1,0,0.9187505222607465,0,0,0,1,1
232,52889238.26588322,10.530592459868608,0,0.20991536287591328,1,0,0.0,0,1,0,0,1
242,269283830.69452333,25.976977395212362,0,0.0,1,0,0.0,0,0,0,1,1
83,8954101.632964738,32.834960679129296,0,0.6513672109882461,0,1,0.0,1,0,1,1,1
15,29213088.5397079,14.915013325921048,0,0.0,1,0,0.228753331480262,0,0,1,2,1
11,58127823.15139789,13.98644887329013,0,0.625564630279578,1,0,0.0,1,0,0,2,1
82,118510274.46298756,28.414804594553967,0,0.06892153936721879,1,0,0.06892153936721879,1,0,0,1,1
36,599768036.8035337,28.453578690224255,0,0.0,1,0,0.0,0,0,1,0,1
731,4104246966.0518093,38.43629550922286,17,0.1042469660518095,1,0,0.0,0,0,1,3,1
108,9361758.527921692,28.36175852792169,14,0.8404396319804229,0,0,0.0,0,0,0,2,1
7,15000000.0,15.269514302912931,0,0.0,1,0,0.0,1,0,0,3,1
30,393859460.9077133,18.070269546143344,0,0.1228107818457338,1,0,0.0,0,0,1,0,1
45,100000000.0,25.281879308098375,0,0.0,0,0,0.7640939654049188,1,0,0,0,1
103,10124577.025881816,29.496561531101868,0,0.8344794896327102,0,1,0.0,1,0,1,1,1
90,44653302.86005414,12.0,0,0.0,1,1,0.0,0,1,0,0,1
108,716250921.0997508,15.81254605498754,0,0.0,1,0,1.0,1,0,0,2,1
62,198664292.82530987,26.67853587345061,0,0.0,1,0,0.6678535873450611,0,1,0,2,1
47,71557221.3202282,12.574113095497946,0,0.6885557359543588,1,0,0.0,1,1,1,0,1
283,52273956.208771124,5.0,7,0.22739562087711263,1,0,0.0,1,1,0,2,1
77,7568422.424822966,26.568422424822966,54,0.3921056062057413,0,0,0.0,0,0,0,3,1
79,10586027.304005673,27.103471508072257,0,1.0,0,0,0.0,0,0,1,1,1
27,27184030.849502373,23.626507659447647,0,0.0,1,0,1.0,1,0,1,2,1
823,33654924982.233425,22.383260574873088,10,1.0,1,0,1.0,1,1,1,2,1
12,58938949.44357246,10.093042670852181,0,0.7877898887144924,1,0,0.0,1,0,0,2,1
33,390944177.0240479,18.622329190380835,0,0.603721531730139,1,0,0.603721531730139,0,0,1,1,1
108,7342801900.167063,17.771465399888626,0,0.11426730005568775,1,0,0.0,1,0,1,3,1
8,29414504.584203627,29.222880810705682,0,0.0,1,0,0.5854954157963723,0,0,1,2,1
156,900000000.0,20.955373015709302,43,0.13648185938704305,1,0,1.0,0,0,1,3,1
228,340770397.6820152,19.694874900433334,0,0.07703976820151515,1,0,0.0,0,0,0,0,1
128,826714993.8840593,21.068599755362374,0,0.0,1,0,0.4657001223188132,0,0,0,2,1
9,57404184.89044537,17.459912525862237,0,0.48083697808907355,1,0,0.0,1,0,0,3,1
32,503261811.00242794,20.815452750606987,0,0.08154527506069886,1,0,0.08154527506069886,0,0,0,0,1
253,3587068224.136567,17.935341120682835,0,0.41293177586343277,1,0,0.41293177586343277,0,0,0,1,1
40,100000000.0,19.36131337267782,53,0.9671533297565617,1,0,1.0,0,0,0,0,1
33,199825498.92575827,9.006762353780037,0,0.0,1,0,0.08725053712087116,1,1,0,2,1
54,29248226.442757152,37.51773557242848,0,0.2482264427571519,1,0,1.0,1,0,1,2,1
412,1442236804.5908453,15.956576321359169,0,1.0,0,1,1.0,1,1,1,1,1
983,37675893460.57621,23.33102663485595,0,1.0,1,0,1.0,1,1,1,2,1
48,1103387916.0246594,10.33879160246595,2,0.0,0,0,0.033879160246594986,0,0,0,0,1
98,50311473.17113276,14.065580486601728,0,0.0,1,0,0.0,0,1,0,2,1
467,1500000000.0,20.0,21,1.0,1,0,1.0,0,1,0,0,1
38,141672384.82111746,19.277587172629417,0,0.2775871726294181,1,0,0.0,1,0,0,2,1
788,500000000.0,27.358833431026834,38,0.7799027859189029,1,0,0.7799027859189029,0,0,0,2,1
9,63149276.8626351,22.32102274449302,39,0.21268078434122628,1,0,0.7873192156587737,1,0,1,3,1
28,607084282.1526717,24.182084188881753,0,0.0,1,0,0.0,0,0,1,0,1
902,11951082631.365513,24.779871841144807,0,1.0,1,0,0.9755413156827563,0,1,1,1,1
230,982705055.059915,29.294944940085067,0,1.0,1,0,1.0,1,0,0,3,1
205,977865268.4445024,22.78652684445024,100,1.0,1,0,0.4426946311099521,1,1,0,0,1
33,10647744.360681247,31.581896053672203,0,0.13936798210926604,0,1,0.0,1,0,1,1,1
107,598394790.843199,19.29860562132683,0,0.0,1,0,0.4649302810663414,0,0,0,2,1
390,1318446287.1418855,18.708759900068006,0,0.1844628714188561,0,0,1.0,1,0,0,1,1
37,500000000.0,20.0,56,0.700404088233523,1,0,0.0,0,0,0,2,1
274,1458596215.5761166,16.549684631343055,30,0.3099369262686109,0,0,0.3099369262686109,0,1,0,3,1
20,189151726.07823676,36.98659057728799,0,1.0,1,0,0.6026818845424021,1,0,0,3,1
19,235489177.21855053,26.891010798601762,0,1.0,1,0,0.5732110946632506,1,0,1,3,1
26,100000000.0,14.004359558514611,0,0.0,0,0,0.2002179779257306,1,0,0,2,1
6849,29891417986.690662,22.349386999049333,0,0.349386999049333,0,0,0.349386999049333,1,1,0,2,1
133,220635363.4311724,14.341159142206896,0,0.0,1,0,0.0,0,0,1,2,1
8,32587665.68934774,18.125264142438425,0,0.0,1,0,0.0,0,0,0,1,1
28,188799067.05392304,33.111370262799156,0,0.6222740525598307,1,0,0.6222740525598307,1,0,0,4,1
199,9509694439.876999,16.326870373415336,0,0.8365648132923329,1,0,0.0,1,0,1,1,1
89,600000000.0,38.81180406351112,0,0.5874536042340743,1,0,0.41254639576592567,0,0,0,2,1
285,981470223.3961048,30.529776603895144,0,1.0,1,0,1.0,1,0,0,3,1
939,44146934403.7831,25.001585601471202,0,1.0,1,0,1.0,0,1,0,1,1
10,5944704.539710429,32.612931777972996,0,0.0,1,0,0.0,1,0,1,2,1
77,600000000.0,23.016838368858703,0,0.0,1,0,0.5344558912572469,0,0,0,1,1
293,758145348.49028,30.378241032248283,46,0.518912051612414,0,0,1.0,0,1,0,2,1
363,1000000000.0,22.485059744106245,49,0.497011948821249,1,0,0.502988051178751,1,0,0,0,1
51,352346437.1893376,25.0,0,0.23464371893375935,1,0,0.0,1,1,1,3,1
141,462418436.9948938,29.691055562006053,0,0.10298147933131552,0,0,0.0,0,0,1,2,1
30,100042652.99202482,19.33436281131048,36,0.6656371886895178,1,1,1.0,0,0,1,0,1
1069,5848993272.392221,46.81040244968721,0,0.9244966361961108,1,0,0.0,0,1,0,2,1
717,1000000000.0,21.233768896262745,24,1.0,1,0,0.7532462207474508,0,0,0,1,1
100,8910792.581118802,27.910792581118802,24,0.7276981452797006,0,0,0.0,0,0,0,2,1
581,251903691.5937615,8.9488222134412,0,0.8974304098188842,1,1,0.0,0,1,0,3,1
21,125265784.66659294,14.734215333407063,0,0.47342153334070625,1,0,0.0,1,1,0,0,1
31,100102147.64459963,25.97750685541637,0,0.0,0,1,0.800749771486121,0,0,1,0,1
10,30018329.651014112,14.18961707945635,0,0.0,1,0,0.0,0,0,0,2,1
20,78359155.43782628,17.596832891848557,0,0.0,1,0,0.0,1,0,1,3,1
350,1500000000.0,21.330062399884767,86,1.0,1,0,1.0,0,1,0,0,1
142,287172967.4657293,19.48782944901329,0,0.0,1,0,0.0,0,0,0,0,1
102,598655167.785778,21.034451905186796,0,0.5517225952593398,1,0,0.0,0,0,1,1,1
118,1250777712.8086607,23.761665692129913,0,0.2538885640433043,1,0,0.0,0,0,0,2,1
125,6411660700.9196415,18.392226199386904,0,0.0,1,0,0.0,1,0,0,3,1
63,874724606.0446984,23.977968483575864,0,0.0,1,0,0.4944921208939662,0,0,1,3,1
8,27570293.878202524,20.47921632479327,0,0.0,1,0,0.0,0,0,1,1,1
190,3566193375.4322467,38.125506393633316,0,0.33927124589619095,1,0,1.0,0,0,0,1,1
13,68180573.1624935,11.458347233547496,0,0.5694435177635003,1,0,0.0,1,0,1,2,1
13,200000000.0,37.74920965027006,0,0.887460482513503,1,0,0.0,0,0,1,2,1
949,98224892615.14696,20.247874865234053,0,0.5567215847833661,1,0,0.5567215847833661,0,1,0,1,1
321,10939424658.856503,32.92894405941557,61,0.2791869036894934,1,0,1.0,0,0,1,1,1
99,9415944.902073715,31.14153535906304,0,0.8053149673579051,0,1,0.0,1,0,1,1,1
358,49923355.71729701,5.0788985263119,9,0.0,1,0,0.0,0,1,0,2,1
44,100000000.0,22.06394804353959,0,0.0,0,0,0.0,1,0,1,1,1
571,1000000000.0,24.03425074481293,0,0.193149851037414,1,0,1.0,0,0,1,2,1
160,3868616215.7290955,48.692726149420615,0,0.0,1,0,0.9626493185548747,0,0,0,0,1
83,500000000.0,38.888194511545464,0,0.9444097255772734,1,0,0.0,0,0,1,1,1
478,1500000000.0,21.410818487777135,0,1.0,1,0,1.0,1,1,0,0,1
285,1464383538.4964113,17.03196154136761,40,0.406392308273522,0,0,0.406392308273522,0,1,0,2,1
16,62759277.87969964,7.028029816679601,0,1.0,0,0,0.6760099388932004,1,0,1,1,1
956,1000000000.0,25.0,45,0.0,1,0,1.0,0,0,0,1,1
67,118986814.76014246,26.332407749109606,0,0.36675922508903946,1,0,0.0,1,0,0,1,1
85,50264095.386804,14.207713839588006,0,0.0,1,0,0.0,0,1,0,2,1
169,842406404.7733442,24.733694281596097,13,0.1518719045331165,1,0,0.1518719045331165,0,0,0,2,1
97,597368330.6689881,10.613884448313543,0,0.0,1,0,0.0,0,0,1,1,1
109,500000000.0,15.37066777237412,0,0.0,1,0,0.0,1,0,1,3,1
152,1235707443.6385746,20.0,45,0.0,1,0,1.0,1,0,0,1,1
948,19993454351.260246,24.407892270277017,0,1.0,1,0,1.0,0,1,1,2,1
9181,26251263950.435745,22.089375996459697,0,0.08937599645969607,0,0,0.08937599645969607,1,1,0,2,1
623,1000000000.0,20.0,0,0.3752387289567489,1,0,1.0,0,0,0,1,1
894,283206707.14250827,35.557768142557094,0,0.3358658571498351,0,1,0.0,1,1,0,1,1
67,600000000.0,42.376609971339896,0,0.8251073314226598,1,0,0.0,1,0,0,1,1
6,15000000.0,47.579506480489655,0,0.0,1,0,0.0,1,0,0,3,1
14,30000000.0,32.349665894409945,0,0.0,1,0,0.0,0,0,1,2,1
707,4000000000.0,36.61309013130499,16,0.0,1,0,0.0,0,0,0,3,1
85,480355764.3464383,38.69038428976255,0,0.3451921448812756,1,0,0.0,1,0,1,2,1
14,8027922.092049908,36.381352371221446,0,0.22616547679865973,1,0,0.0,0,0,1,1,1
12,17740141.052936435,47.333768418642144,0,0.6372421053340546,0,0,0.0,0,0,1,1,1
57,75555727.9201011,7.083979700379176,0,0.0,1,0,0.0,1,0,1,3,1
707,996707342.1237856,21.53657367556671,0,1.0,1,0,1.0,0,0,0,2,1
15,1200000000.0,20.43269649161921,68,0.025452734801130084,1,0,0.9745472651988699,1,0,0,2,1
7965,26321447351.271816,22.660723675635907,0,0.2202412252119692,0,0,0.2202412252119692,1,1,0,2,1
50,351873501.9850945,38.85762074079603,11,0.8857620740796032,1,0,0.0,0,0,1,2,1
17,200000000.0,24.144415499164012,0,0.0,1,0,0.0,1,0,1,2,1
1018,300000000.0,49.63418280604337,0,0.0,0,0,0.0,1,0,1,0,1
10,26826392.716162886,31.413196358081443,0,0.0,1,0,0.0,1,0,1,1,1
53,100000000.0,24.645321303469082,44,0.8178928611784168,0,1,0.8178928611784168,0,1,1,1,1
11,208243546.12559447,13.091329797097924,0,0.5152216328496538,1,0,0.0,1,0,1,2,1
46,100000000.0,24.63703421470114,26,0.4875423441180784,1,0,1.0,0,0,0,0,1
85,862915652.7885667,23.033252223085338,0,0.0,1,0,0.25831305577133445,0,0,1,3,1
